"Date","HI"
2012-01-01,9.71227557469542
2012-01-02,5.40251180953911
2012-01-03,5.68674806242221
2012-01-04,5.03315940771464
2012-01-05,7.0304534652672
2012-01-06,3.33654088769371
2012-01-07,4.59458562669885
2012-01-08,5.15528732547011
2012-01-09,4.52432449898764
2012-01-10,3.87027392394476
2012-01-11,2.60418679375201
2012-01-12,0.476195690836394
2012-01-13,1.08627646610109
2012-01-14,-2.50394358876939
2012-01-15,-4.29809019126922
2012-01-16,-3.53790780773046
2012-01-17,-4.21297394754526
2012-01-18,-0.933871375330876
2012-01-19,5.33325637433964
2012-01-20,6.01004050218546
2012-01-21,7.53255101580926
2012-01-22,6.98343130820661
2012-01-23,5.05381308724911
2012-01-24,4.20303368558481
2012-01-25,5.06784312870722
2012-01-26,3.86170197112179
2012-01-27,1.44443264642595
2012-01-28,-0.29862142684145
2012-01-29,-2.55436938760736
2012-01-30,-3.69765696123264
2012-01-31,-5.07821769679793
2012-02-01,-8.27869195144497
2012-02-02,-11.3749322177884
2012-02-03,-13.3417893608632
2012-02-04,-12.922237582919
2012-02-05,-12.1346330816821
2012-02-06,-10.9281676155165
2012-02-07,-13.0778546189785
2012-02-08,-13.7106626640433
2012-02-09,-12.0382939791504
2012-02-10,-10.8702284501582
2012-02-11,-14.0128923747489
2012-02-12,-12.830164140559
2012-02-13,-6.14361892947417
2012-02-14,-1.72443413749245
2012-02-15,0.958916423366582
2012-02-16,2.29344235461572
2012-02-17,2.43413246358457
2012-02-18,2.22533945082875
2012-02-19,0.905912964267379
2012-02-20,-2.47934605032391
2012-02-21,-2.08727898494447
2012-02-22,-0.74931599189955
2012-02-23,3.93637517646641
2012-02-24,6.43904762940655
2012-02-25,6.09707565373178
2012-02-26,5.18212385686481
2012-02-27,2.69061948470326
2012-02-28,4.26442390790249
2012-02-29,5.76971901864197
2012-03-01,6.28086601792222
2012-03-02,6.68327083137155
2012-03-03,6.56060486629435
2012-03-04,5.76411905350969
2012-03-05,1.67097398256166
2012-03-06,0.715828908723441
2012-03-07,1.18614731335513
2012-03-08,3.02405604449091
2012-03-09,3.09370497606938
2012-03-10,5.1352753807857
2012-03-11,7.15642512495593
2012-03-12,7.91495334025738
2012-03-13,8.12671084263607
2012-03-14,7.95291651377626
2012-03-15,8.63601473373753
2012-03-16,8.81312036221572
2012-03-17,7.6077993296964
2012-03-18,4.80274702068723
2012-03-19,3.72481987199475
2012-03-20,3.58138967900261
2012-03-21,7.19974855808805
2012-03-22,9.97436683809737
2012-03-23,9.85966722116416
2012-03-24,11.4143856887506
2012-03-25,11.4945303747662
2012-03-26,12.3405417573759
2012-03-27,12.0455788104713
2012-03-28,11.7654665429894
2012-03-29,11.8181257094828
2012-03-30,11.0514949068077
2012-03-31,9.20913696237145
2012-04-01,7.29936299232467
2012-04-02,7.49049329900441
2012-04-03,7.43425638739144
2012-04-04,6.31389378606541
2012-04-05,7.54118931594456
2012-04-06,7.73106419187376
2012-04-07,6.7110213742478
2012-04-08,6.19705069019856
2012-04-09,7.781037963725
2012-04-10,7.22762329077185
2012-04-11,5.90642621752602
2012-04-12,6.08815221004078
2012-04-13,5.42182261651865
2012-04-14,5.53555808886091
2012-04-15,4.81214001830253
2012-04-16,3.34836599786034
2012-04-17,4.16102573788691
2012-04-18,5.96050791085773
2012-04-19,6.02830253885398
2012-04-20,6.16923603988244
2012-04-21,7.163170284188
2012-04-22,6.48906203515339
2012-04-23,6.01232079600471
2012-04-24,6.73123168130631
2012-04-25,8.05478211572081
2012-04-26,10.0386038098026
2012-04-27,10.3955989804086
2012-04-28,11.9829174698401
2012-04-29,10.8004392345344
2012-04-30,9.42103723763905
2012-05-01,10.0940216940786
2012-05-02,10.4712793271207
2012-05-03,11.6233398822261
2012-05-04,11.2311189245966
2012-05-05,10.1853852324348
2012-05-06,9.8070107142481
2012-05-07,10.9764965250985
2012-05-08,12.8346200157564
2012-05-09,15.5822670401451
2012-05-10,18.1067460062597
2012-05-11,16.8535696641489
2012-05-12,13.1991557151134
2012-05-13,10.995285830081
2012-05-14,10.8983762054669
2012-05-15,8.62555035388818
2012-05-16,8.20827461562763
2012-05-17,10.1825299241887
2012-05-18,11.8928344322884
2012-05-19,12.1581840683684
2012-05-20,11.3549179612615
2012-05-21,9.87686601214821
2012-05-22,12.2078949045525
2012-05-23,15.2003824738626
2012-05-24,18.5183452738605
2012-05-25,20.4052856652297
2012-05-26,17.8038734801538
2012-05-27,16.9841570867351
2012-05-28,17.5202805810536
2012-05-29,18.2654256474121
2012-05-30,17.7631444029697
2012-05-31,17.1839783719894
2012-06-01,18.1856699638705
2012-06-02,19.1721448185851
2012-06-03,15.9104420896432
2012-06-04,14.0899017554836
2012-06-05,13.8922411882621
2012-06-06,15.8139619351492
2012-06-07,16.9592520950742
2012-06-08,15.4198549032405
2012-06-09,13.4528990488151
2012-06-10,13.9804047126679
2012-06-11,14.0230937730842
2012-06-12,13.0046378032262
2012-06-13,12.8009314428242
2012-06-14,14.9226869717041
2012-06-15,16.8902678479916
2012-06-16,16.7327832334279
2012-06-17,16.9412840164506
2012-06-18,17.0426368408282
2012-06-19,16.8386457725312
2012-06-20,19.0939939115042
2012-06-21,18.2735789370664
2012-06-22,16.3133156828123
2012-06-23,16.5136559965388
2012-06-24,16.9557744672946
2012-06-25,18.192364325998
2012-06-26,19.9075588058542
2012-06-27,22.3582298492136
2012-06-28,22.4055582714545
2012-06-29,19.5272445474783
2012-06-30,18.8969410743854
2012-07-01,15.6779348072657
2012-07-02,16.1543917294329
2012-07-03,18.3821320663026
2012-07-04,18.9348785237906
2012-07-05,17.2810809735252
2012-07-06,16.8048828920171
2012-07-07,17.7474312694021
2012-07-08,17.7742402372209
2012-07-09,18.1011921307697
2012-07-10,17.5029867505102
2012-07-11,16.5434623204681
2012-07-12,16.2002089001596
2012-07-13,16.5064860416518
2012-07-14,16.3013969795022
2012-07-15,15.3422574808805
2012-07-16,16.2626661651254
2012-07-17,18.8817537166218
2012-07-18,20.2199043708167
2012-07-19,17.939795877468
2012-07-20,16.4812740123336
2012-07-21,16.6683246239002
2012-07-22,17.6929864302803
2012-07-23,19.2513654869534
2012-07-24,21.0253673109187
2012-07-25,22.5965713009104
2012-07-26,23.3979882153895
2012-07-27,22.1242789072253
2012-07-28,19.3068988987337
2012-07-29,17.0559244501719
2012-07-30,17.0373615877546
2012-07-31,19.3367722649563
2012-08-01,20.1536313593885
2012-08-02,19.5309532102718
2012-08-03,19.0131477569449
2012-08-04,19.0037400899113
2012-08-05,17.8323590543947
2012-08-06,17.2808437369543
2012-08-07,17.9436460767164
2012-08-08,19.5351746126429
2012-08-09,21.5205260138975
2012-08-10,22.0179048919779
2012-08-11,21.0550129179565
2012-08-12,19.8874224812148
2012-08-13,19.8510479933852
2012-08-14,20.8206604447257
2012-08-15,21.1025172743035
2012-08-16,19.9198387336364
2012-08-17,22.7353063947746
2012-08-18,24.403049651027
2012-08-19,24.3177251054387
2012-08-20,23.2268528869103
2012-08-21,22.7225359283385
2012-08-22,20.2150215611855
2012-08-23,20.0525999675125
2012-08-24,19.4879486395257
2012-08-25,19.0490638497132
2012-08-26,17.5005571316537
2012-08-27,19.1171052936588
2012-08-28,19.5240789827803
2012-08-29,18.9645118801314
2012-08-30,16.7230079360353
2012-08-31,13.9991830231632
2012-09-01,13.0419901552808
2012-09-02,15.3157397458331
2012-09-03,16.7505256487477
2012-09-04,18.0941331925302
2012-09-05,18.6153759901294
2012-09-06,17.8302545783023
2012-09-07,17.7343605813359
2012-09-08,18.7476742893139
2012-09-09,19.01079824586
2012-09-10,19.4018254426398
2012-09-11,17.9701726825386
2012-09-12,14.5157117581784
2012-09-13,14.0648055240845
2012-09-14,13.9719697838503
2012-09-15,15.2580102607347
2012-09-16,14.973846690096
2012-09-17,16.1554516721458
2012-09-18,14.7136954300051
2012-09-19,12.3161966713822
2012-09-20,11.6388452403046
2012-09-21,12.713988769732
2012-09-22,14.4627923409718
2012-09-23,16.6859749980741
2012-09-24,16.2116610927065
2012-09-25,13.569471944738
2012-09-26,12.2742234153751
2012-09-27,12.292756903327
2012-09-28,12.447999868391
2012-09-29,12.0299897861738
2012-09-30,10.8113715187004
2012-10-01,11.9450529945395
2012-10-02,13.2306698561485
2012-10-03,13.9731345181192
2012-10-04,14.0793639309313
2012-10-05,15.4896117773265
2012-10-06,15.3076326880562
2012-10-07,14.90449262792
2012-10-08,15.3348011497784
2012-10-09,16.4024581186319
2012-10-10,15.3326111665061
2012-10-11,14.7516558665655
2012-10-12,12.060288610615
2012-10-13,9.17231327152686
2012-10-14,8.39080467379319
2012-10-15,7.50590615096775
2012-10-16,8.97461203692598
2012-10-17,12.9246858147612
2012-10-18,14.850994393013
2012-10-19,14.8094058271013
2012-10-20,13.8677094935294
2012-10-21,15.0678954091442
2012-10-22,14.8393092097261
2012-10-23,13.4316937419051
2012-10-24,12.1624204700656
2012-10-25,11.2323164984907
2012-10-26,10.2682817924354
2012-10-27,3.49667999732966
2012-10-28,0.435668048277786
2012-10-29,2.19178577758231
2012-10-30,3.49863619200063
2012-10-31,4.78149861457524
2012-11-01,6.05243725522946
2012-11-02,7.09161820918965
2012-11-03,8.61787960774302
2012-11-04,8.03395630488761
2012-11-05,6.53245266036838
2012-11-06,4.48443113831316
2012-11-07,4.7298435548983
2012-11-08,4.8744062065303
2012-11-09,5.83197279726018
2012-11-10,8.97611834191505
2012-11-11,4.97906801337038
2012-11-12,3.72365267048945
2012-11-13,4.9166950917676
2012-11-14,4.69323548070084
2012-11-15,4.96885732370383
2012-11-16,5.03652219940756
2012-11-17,7.09574515639989
2012-11-18,6.97428192557548
2012-11-19,6.39341218889557
2012-11-20,6.20882068087492
2012-11-21,6.50753615918373
2012-11-22,5.32164322137636
2012-11-23,6.29662269340817
2012-11-24,8.43284547573637
2012-11-25,9.02907021090606
2012-11-26,7.83438427562964
2012-11-27,4.52517082305115
2012-11-28,3.39796058364354
2012-11-29,1.14065894627092
2012-11-30,-2.32742330803601
2012-12-01,-3.03506664364397
2012-12-02,-0.419965888466799
2012-12-03,3.61545744221081
2012-12-04,3.18414280062735
2012-12-05,0.448467410135083
2012-12-06,-2.62474499251844
2012-12-07,-1.31353287698659
2012-12-08,-0.529169012393562
2012-12-09,-1.03526646131078
2012-12-10,0.520389457354325
2012-12-11,-3.80722411891347
2012-12-12,-7.41731928374658
2012-12-13,-1.76347410515757
2012-12-14,5.22849790098197
2012-12-15,6.55685578715619
2012-12-16,6.18320164942739
2012-12-17,5.33039803454735
2012-12-18,4.53936657245132
2012-12-19,3.31797388979112
2012-12-20,4.92163942282937
2012-12-21,4.63247579469605
2012-12-22,6.45632763339999
2012-12-23,8.95713809131806
2012-12-24,7.68928588973968
2012-12-25,7.85681675607872
2012-12-26,6.37049958586138
2012-12-27,7.14437543523059
2012-12-28,6.87408898505295
2012-12-29,6.39147927428145
2012-12-30,5.08132251394867
2012-12-31,4.80720848436648
2013-01-01,3.99331921232664
2013-01-02,1.59243877743335
2013-01-03,4.04424259785481
2013-01-04,5.1621864326897
2013-01-05,4.46853120410306
2013-01-06,3.60156290774066
2013-01-07,2.418519976803
2013-01-08,0.531127118910708
2013-01-09,0.377127743200824
2013-01-10,3.28743992812635
2013-01-11,2.4715046900949
2013-01-12,0.0693635483281955
2013-01-13,-0.746075359084465
2013-01-14,-3.29088063129706
2013-01-15,-2.66715123455985
2013-01-16,-6.04402348803439
2013-01-17,-9.08857205554619
2013-01-18,-8.04334341499201
2013-01-19,-3.47106060851548
2013-01-20,-3.47940291604914
2013-01-21,-1.79755042238896
2013-01-22,-1.17875304735645
2013-01-23,-1.77118863814705
2013-01-24,-2.88240349770305
2013-01-25,-5.71505104300287
2013-01-26,-2.22035849398152
2013-01-27,1.64040376403032
2013-01-28,3.14202242999145
2013-01-29,6.29779687840758
2013-01-30,8.13320394406735
2013-01-31,6.74746962871622
2013-02-01,6.92783836533074
2013-02-02,1.62637950843094
2013-02-03,-0.777238509432602
2013-02-04,5.25198052417877
2013-02-05,2.99488933395943
2013-02-06,0.39405923176082
2013-02-07,-1.37801436698691
2013-02-08,-2.46629809208589
2013-02-09,-3.11923300252231
2013-02-10,-1.67150861017841
2013-02-11,-0.510319428902801
2013-02-12,-1.91779845424877
2013-02-13,-2.30668505555909
2013-02-14,0.321052841899157
2013-02-15,2.15164598018306
2013-02-16,0.0547107334293535
2013-02-17,-0.658538222781376
2013-02-18,0.0833240605065407
2013-02-19,-0.0815023863856074
2013-02-20,-0.172370657537206
2013-02-21,-3.75532075288727
2013-02-22,-7.06419680171028
2013-02-23,-8.89289098269812
2013-02-24,-6.87951662296367
2013-02-25,-4.58591400551024
2013-02-26,-3.75131902833913
2013-02-27,-2.00763078363912
2013-02-28,-1.22034935277493
2013-03-01,-0.551541415064299
2013-03-02,-0.806999243312569
2013-03-03,-0.671500076107219
2013-03-04,3.64759186532288
2013-03-05,7.46749155481973
2013-03-06,7.99140660124026
2013-03-07,8.7335043714967
2013-03-08,9.04407676002253
2013-03-09,7.68650568479115
2013-03-10,5.54104951476653
2013-03-11,3.21275496777807
2013-03-12,-1.27037951410925
2013-03-13,-4.4623480969971
2013-03-14,-3.39117633278647
2013-03-15,-2.75699234827094
2013-03-16,0.916379264469645
2013-03-17,3.19900838647616
2013-03-18,1.72749363588682
2013-03-19,2.7934924990903
2013-03-20,3.62118106952734
2013-03-21,3.84517131466897
2013-03-22,6.81871258652118
2013-03-23,6.30452803537429
2013-03-24,4.24312507112319
2013-03-25,3.05634419797351
2013-03-26,2.15881796882255
2013-03-27,1.45584682730665
2013-03-28,1.27111435405185
2013-03-29,1.63306417448499
2013-03-30,2.74215668916162
2013-03-31,0.602424445929363
2013-04-01,1.27283050388431
2013-04-02,3.0984336395338
2013-04-03,2.55321634006337
2013-04-04,2.23745087552096
2013-04-05,1.78329103105206
2013-04-06,1.2611398384049
2013-04-07,2.6989184892181
2013-04-08,4.3028917180507
2013-04-09,6.44868270126608
2013-04-10,8.37094755301181
2013-04-11,9.69882558695409
2013-04-12,8.74549129933429
2013-04-13,9.85851858593881
2013-04-14,14.1404533225008
2013-04-15,12.406269330541
2013-04-16,12.6212227563588
2013-04-17,14.9770107505955
2013-04-18,11.6228866604205
2013-04-19,7.58289180044529
2013-04-20,5.78117848176082
2013-04-21,6.43271521273644
2013-04-22,7.69997035680553
2013-04-23,9.6884703892747
2013-04-24,12.5545659763142
2013-04-25,15.2621032425385
2013-04-26,10.6182363501145
2013-04-27,4.36547881463806
2013-04-28,4.42394739049777
2013-04-29,6.78503432669794
2013-04-30,8.5939988499615
2013-05-01,9.71173447860277
2013-05-02,9.69730528480864
2013-05-03,10.4344240673364
2013-05-04,10.7403700494951
2013-05-05,12.3496644288116
2013-05-06,13.4082921002097
2013-05-07,14.1711748929599
2013-05-08,13.6395828697965
2013-05-09,12.0983150543105
2013-05-10,10.640539957653
2013-05-11,10.6575877518733
2013-05-12,10.1161820374672
2013-05-13,10.9423705075272
2013-05-14,10.766671109116
2013-05-15,9.33260686514194
2013-05-16,7.72801421933504
2013-05-17,8.82894637328981
2013-05-18,8.97173886154263
2013-05-19,8.86043210365681
2013-05-20,8.92717582061643
2013-05-21,9.90096767847388
2013-05-22,10.5820590211186
2013-05-23,8.14407734733584
2013-05-24,5.16097585965357
2013-05-25,6.90979103439524
2013-05-26,8.43726958641771
2013-05-27,10.2963154282513
2013-05-28,9.103520943618
2013-05-29,8.06868493199863
2013-05-30,9.49613306617093
2013-05-31,11.4508075092354
2013-06-01,13.0742125946234
2013-06-02,12.7179400496473
2013-06-03,12.3624009793917
2013-06-04,12.7439621157372
2013-06-05,15.3612486143559
2013-06-06,17.8318875110658
2013-06-07,18.4370222092365
2013-06-08,15.8886155224178
2013-06-09,13.3871083010009
2013-06-10,14.0363697566346
2013-06-11,15.4775580719122
2013-06-12,17.9454981056686
2013-06-13,15.3480539052839
2013-06-14,14.713408314639
2013-06-15,15.7425084195307
2013-06-16,17.2471315762175
2013-06-17,19.3129570120142
2013-06-18,19.2721839160439
2013-06-19,18.1968688175685
2013-06-20,16.0002303152468
2013-06-21,14.9883804157344
2013-06-22,15.4505816642927
2013-06-23,14.1079599297404
2013-06-24,12.9870369596283
2013-06-25,13.616605284012
2013-06-26,14.3592430324471
2013-06-27,14.6743880188275
2013-06-28,14.5517830630954
2013-06-29,15.6253106547601
2013-06-30,16.7670676783254
2013-07-01,17.301383517419
2013-07-02,17.2767502463661
2013-07-03,16.4025563494931
2013-07-04,17.2474121837575
2013-07-05,19.438606820621
2013-07-06,20.5477481593615
2013-07-07,22.2438764899977
2013-07-08,22.6232153474157
2013-07-09,22.2584198821967
2013-07-10,21.5002410776134
2013-07-11,19.4886204031101
2013-07-12,19.5693104991811
2013-07-13,20.0551587351231
2013-07-14,21.1846430995111
2013-07-15,22.0184042264548
2013-07-16,21.9018616972414
2013-07-17,22.0705218345972
2013-07-18,21.9355798598654
2013-07-19,22.052974243351
2013-07-20,23.0713927641942
2013-07-21,24.1282961724272
2013-07-22,24.415929033528
2013-07-23,22.3516691083472
2013-07-24,21.944922301675
2013-07-25,22.9940617140301
2013-07-26,22.9996128021647
2013-07-27,22.4303761735715
2013-07-28,20.3573194405651
2013-07-29,19.4080017048373
2013-07-30,19.6905494109848
2013-07-31,21.91303502691
2013-08-01,24.0452182387587
2013-08-02,23.5738514809876
2013-08-03,20.9277219728832
2013-08-04,20.7226389607716
2013-08-05,21.2884208797513
2013-08-06,19.7063519332384
2013-08-07,18.0171278665592
2013-08-08,17.8777762033903
2013-08-09,18.426104007539
2013-08-10,18.3609893913852
2013-08-11,18.9531356719049
2013-08-12,19.1334452935886
2013-08-13,17.9465542917073
2013-08-14,18.0296240872324
2013-08-15,19.2003840012243
2013-08-16,19.9272074800992
2013-08-17,20.2167927153584
2013-08-18,20.2258047466117
2013-08-19,18.8620350936954
2013-08-20,18.0952638297162
2013-08-21,19.1905540555717
2013-08-22,20.2457873462152
2013-08-23,20.6480593740514
2013-08-24,18.419785592197
2013-08-25,15.6411014832194
2013-08-26,16.7884653784694
2013-08-27,17.5228594067125
2013-08-28,17.6814125324856
2013-08-29,17.6079216971644
2013-08-30,17.9068963977552
2013-08-31,18.0354943294689
2013-09-01,16.8504788063847
2013-09-02,16.9923700456052
2013-09-03,18.5089068799548
2013-09-04,20.5422923522637
2013-09-05,20.8795839791389
2013-09-06,17.6297553566202
2013-09-07,15.204037372595
2013-09-08,14.372076516111
2013-09-09,14.5191370534699
2013-09-10,14.3883610192778
2013-09-11,13.1324224508453
2013-09-12,13.8605499868508
2013-09-13,15.5223069483926
2013-09-14,15.1427389172909
2013-09-15,13.2876479276502
2013-09-16,12.5597821984967
2013-09-17,12.4881590773906
2013-09-18,15.3825225425304
2013-09-19,13.1714995054582
2013-09-20,14.803560707532
2013-09-21,14.610439652944
2013-09-22,16.413626751783
2013-09-23,16.8264781846417
2013-09-24,16.5023236181556
2013-09-25,17.1809663445438
2013-09-26,18.2632624856639
2013-09-27,18.5798633831997
2013-09-28,17.8607917245256
2013-09-29,16.3600219368154
2013-09-30,15.6008832486792
2013-10-01,15.9966756729635
2013-10-02,17.0721707574913
2013-10-03,18.0274897561117
2013-10-04,16.9507138869685
2013-10-05,14.9038629772295
2013-10-06,13.8360161314366
2013-10-07,13.6158074048616
2013-10-08,13.3450765692033
2013-10-09,13.4961777370227
2013-10-10,9.46407789095285
2013-10-11,6.52696440134855
2013-10-12,6.43400539636336
2013-10-13,7.43177595233039
2013-10-14,11.2566666949201
2013-10-15,12.1227751868246
2013-10-16,13.2695411552696
2013-10-17,13.0511614987721
2013-10-18,11.8116833240292
2013-10-19,14.6853464734328
2013-10-20,15.2398235995798
2013-10-21,15.6664217270079
2013-10-22,17.1941318623207
2013-10-23,15.694407189577
2013-10-24,13.4811803700279
2013-10-25,16.1887416632043
2013-10-26,16.4767613000351
2013-10-27,14.615661509287
2013-10-28,13.4903386231669
2013-10-29,9.11333406675077
2013-10-30,7.07414468697303
2013-10-31,7.35190783708684
2013-11-01,8.58672719606121
2013-11-02,12.545399479046
2013-11-03,9.29032837522353
2013-11-04,8.75382712508143
2013-11-05,8.55675840941088
2013-11-06,13.3570495501092
2013-11-07,12.8889899514845
2013-11-08,10.6111650924187
2013-11-09,7.73640742318293
2013-11-10,7.96042062526736
2013-11-11,4.68406256131246
2013-11-12,7.38019562917985
2013-11-13,6.59845407814695
2013-11-14,4.41225672011475
2013-11-15,3.02295535265787
2013-11-16,2.11364772387958
2013-11-17,2.95614078353401
2013-11-18,3.45711413525128
2013-11-19,2.38320918544233
2013-11-20,-0.512745356413409
2013-11-21,-0.149106224896615
2013-11-22,-0.996281419415564
2013-11-23,0.718036251555645
2013-11-24,2.35008883147104
2013-11-25,1.92559784293065
2013-11-26,0.442587470977872
2013-11-27,-1.44382330016202
2013-11-28,-2.72034114930005
2013-11-29,0.888420567151087
2013-11-30,2.17903289262206
2013-12-01,0.679082559791721
2013-12-02,1.61533261561444
2013-12-03,-1.1944956182607
2013-12-04,0.154169515146565
2013-12-05,1.26399088829962
2013-12-06,2.44822835263132
2013-12-07,0.474140574808727
2013-12-08,-0.568976381511768
2013-12-09,-1.78537518744297
2013-12-10,-1.87239159637402
2013-12-11,-0.915339301100486
2013-12-12,-0.722971639178539
2013-12-13,0.0647718685456881
2013-12-14,2.68267805469055
2013-12-15,2.75306816390729
2013-12-16,4.00792852437947
2013-12-17,4.21134305558218
2013-12-18,5.56660575086752
2013-12-19,5.43939338645194
2013-12-20,2.40287118222504
2013-12-21,2.62278460825645
2013-12-22,6.13862620620189
2013-12-23,6.31900240588572
2013-12-24,7.95705081555237
2013-12-25,5.35565717886599
2013-12-26,2.48760063978084
2013-12-27,5.34109117836244
2013-12-28,4.58505818800599
2013-12-29,2.00326250664077
2013-12-30,1.27934085945757
2013-12-31,2.80207330272439
2014-01-01,4.93354705683514
2014-01-02,7.01132906427055
2014-01-03,7.45967560453914
2014-01-04,6.35971693514396
2014-01-05,4.14771698737072
2014-01-06,7.85968733330463
2014-01-07,8.5263440101954
2014-01-08,8.28568487377074
2014-01-09,7.15820029327974
2014-01-10,3.93349662616011
2014-01-11,4.60757345592956
2014-01-12,4.13530765438015
2014-01-13,4.82094276306286
2014-01-14,1.7559140168868
2014-01-15,2.84500648762803
2014-01-16,5.18667654316375
2014-01-17,4.35127577108495
2014-01-18,4.02402116271765
2014-01-19,3.19158638929135
2014-01-20,1.57872858704249
2014-01-21,0.390903014130711
2014-01-22,0.00641802410533405
2014-01-23,2.84527145725762
2014-01-24,3.23315618529682
2014-01-25,3.70906074639122
2014-01-26,5.32302596428489
2014-01-27,1.86802640258601
2014-01-28,0.879917671612096
2014-01-29,0.804366908578336
2014-01-30,0.874652993567114
2014-01-31,0.365300599659191
2014-02-01,2.58330540231163
2014-02-02,1.03505038734953
2014-02-03,0.651876443374367
2014-02-04,2.65879280761721
2014-02-05,4.13015825093207
2014-02-06,4.7932025759154
2014-02-07,5.98321050020176
2014-02-08,3.87263527231073
2014-02-09,2.94991750607072
2014-02-10,3.10625235360656
2014-02-11,2.1835697493768
2014-02-12,3.16979594796536
2014-02-13,4.04512209159079
2014-02-14,5.7902553984862
2014-02-15,6.59995471411256
2014-02-16,4.04240331266263
2014-02-17,3.4917824032807
2014-02-18,4.42402505600222
2014-02-19,6.02953018923443
2014-02-20,6.77435850128987
2014-02-21,3.99812802287726
2014-02-22,3.89711778035633
2014-02-23,5.46850852873457
2014-02-24,6.54319354046632
2014-02-25,5.3324037933888
2014-02-26,3.14479113441846
2014-02-27,2.99126289652406
2014-02-28,2.57162228020483
2014-03-01,1.8567108700389
2014-03-02,1.98066808140099
2014-03-03,2.77117245987257
2014-03-04,3.34010428493603
2014-03-05,4.15831740819539
2014-03-06,4.57463561913689
2014-03-07,5.22468612179934
2014-03-08,7.70363472500872
2014-03-09,9.11680728625944
2014-03-10,8.11905843743186
2014-03-11,7.43535265175582
2014-03-12,7.34412166606711
2014-03-13,7.19486202951552
2014-03-14,7.47662114656686
2014-03-15,7.27695888712483
2014-03-16,8.40525482260415
2014-03-17,7.6097205043008
2014-03-18,7.58027230196634
2014-03-19,8.54813528578358
2014-03-20,9.00426066441828
2014-03-21,8.72293396006187
2014-03-22,5.75456664880105
2014-03-23,2.82529377099499
2014-03-24,2.72825069146322
2014-03-25,3.81284008250076
2014-03-26,3.55844662234649
2014-03-27,2.56067792222009
2014-03-28,5.78249100890683
2014-03-29,9.74510744095896
2014-03-30,10.8879138354354
2014-03-31,10.6754953571621
2014-04-01,11.2326232915262
2014-04-02,12.2890339966973
2014-04-03,11.678536462571
2014-04-04,10.2627955679123
2014-04-05,10.6179582673333
2014-04-06,12.9571904478553
2014-04-07,13.4145670348364
2014-04-08,9.27590362399166
2014-04-09,8.54013731721874
2014-04-10,9.98776008222872
2014-04-11,10.7038495430338
2014-04-12,10.6707048265879
2014-04-13,10.7255596337234
2014-04-14,10.3379690129581
2014-04-15,9.11148169747547
2014-04-16,8.63946096278052
2014-04-17,9.85423136314703
2014-04-18,10.0316951599508
2014-04-19,7.30914706488204
2014-04-20,7.74775751979274
2014-04-21,9.41101902550156
2014-04-22,10.6407153980913
2014-04-23,11.5118390675855
2014-04-24,11.9125146397638
2014-04-25,10.9066782530336
2014-04-26,9.54722266270604
2014-04-27,8.86282444139329
2014-04-28,9.46610936092447
2014-04-29,9.74956573339109
2014-04-30,11.0487189848921
2014-05-01,11.0281000526884
2014-05-02,10.3547016164102
2014-05-03,9.12668650353475
2014-05-04,9.30746677578223
2014-05-05,12.0746050879113
2014-05-06,13.0763110949725
2014-05-07,12.9315837355306
2014-05-08,12.5526037062599
2014-05-09,13.7134276736977
2014-05-10,13.2046174209403
2014-05-11,11.3753432464341
2014-05-12,9.43668700425193
2014-05-13,9.02897875216867
2014-05-14,10.3018979904115
2014-05-15,11.1283011277221
2014-05-16,11.9161921793716
2014-05-17,13.8510343802283
2014-05-18,14.9687386551036
2014-05-19,15.4134765832494
2014-05-20,14.4766523728198
2014-05-21,14.2734966737091
2014-05-22,13.7975635174916
2014-05-23,11.4772503901154
2014-05-24,11.2178014473019
2014-05-25,12.0802755608148
2014-05-26,12.2023848349696
2014-05-27,11.8913671088397
2014-05-28,11.9920484692822
2014-05-29,13.2761696928511
2014-05-30,14.231588286845
2014-05-31,14.4370712244995
2014-06-01,14.2299033960809
2014-06-02,14.784637599173
2014-06-03,14.8578420318644
2014-06-04,13.2047536702192
2014-06-05,13.6146453714015
2014-06-06,18.209909051452
2014-06-07,19.8171775680428
2014-06-08,20.6844508437927
2014-06-09,20.7950256230756
2014-06-10,19.3425130918574
2014-06-11,19.5788901961948
2014-06-12,20.7088229375719
2014-06-13,20.8338570796592
2014-06-14,18.8070615853342
2014-06-15,16.2631326608323
2014-06-16,16.3741319182239
2014-06-17,15.8624279172186
2014-06-18,16.3005587041797
2014-06-19,17.6362417649695
2014-06-20,18.5635379864426
2014-06-21,19.0026519688092
2014-06-22,20.1499233220566
2014-06-23,19.0182314884551
2014-06-24,19.4123343769892
2014-06-25,18.6572031275989
2014-06-26,18.1971048790877
2014-06-27,18.1995564110473
2014-06-28,17.118430165091
2014-06-29,15.556460795918
2014-06-30,15.9107755267511
2014-07-01,17.7209939413289
2014-07-02,18.8062694194395
2014-07-03,20.6137707763211
2014-07-04,19.7847299541224
2014-07-05,18.8916245657727
2014-07-06,17.8859563425242
2014-07-07,15.5233217266054
2014-07-08,15.6669712249076
2014-07-09,14.9337260822403
2014-07-10,15.4377821826489
2014-07-11,16.415110639627
2014-07-12,17.1432070280682
2014-07-13,17.2411294562715
2014-07-14,17.5958533681237
2014-07-15,19.073418417356
2014-07-16,21.5437447516656
2014-07-17,23.2883300867919
2014-07-18,23.1371976023355
2014-07-19,22.2953452910462
2014-07-20,19.0492209620901
2014-07-21,18.7172041289219
2014-07-22,19.4154076519139
2014-07-23,21.6991215902226
2014-07-24,22.2343041827171
2014-07-25,20.5733716196472
2014-07-26,20.4469108528359
2014-07-27,20.951411183746
2014-07-28,17.9787852017304
2014-07-29,16.9624623666929
2014-07-30,18.8960344308403
2014-07-31,19.4442783424966
2014-08-01,19.6570315776532
2014-08-02,18.8102203997519
2014-08-03,18.4170567816193
2014-08-04,18.351257499016
2014-08-05,19.2277349770045
2014-08-06,19.191832855465
2014-08-07,20.2399681341337
2014-08-08,19.8084583512553
2014-08-09,18.8143364102043
2014-08-10,19.938578549317
2014-08-11,17.7439397686395
2014-08-12,17.3455588358607
2014-08-13,15.9963783116372
2014-08-14,15.7526583513997
2014-08-15,15.3619522318523
2014-08-16,15.7079656390668
2014-08-17,15.5333676747685
2014-08-18,15.9089999798616
2014-08-19,15.458804315627
2014-08-20,14.5611289554934
2014-08-21,14.3876753957708
2014-08-22,14.9123709740697
2014-08-23,15.0870424093757
2014-08-24,14.8509990631232
2014-08-25,16.2283871138784
2014-08-26,18.0167949712574
2014-08-27,18.2908700320456
2014-08-28,18.9143123593408
2014-08-29,17.8962718610099
2014-08-30,17.2203412351198
2014-08-31,17.0701105718827
2014-09-01,16.5368343123441
2014-09-02,17.3725193261187
2014-09-03,17.579736709338
2014-09-04,17.6488066412763
2014-09-05,18.7002223440154
2014-09-06,18.8319648924981
2014-09-07,19.5429086001898
2014-09-08,19.8125365192758
2014-09-09,18.7679244946955
2014-09-10,18.0467556158272
2014-09-11,16.8046828133697
2014-09-12,16.4583249183068
2014-09-13,16.8573302486273
2014-09-14,17.0385572922548
2014-09-15,17.9268421446849
2014-09-16,18.7182116571612
2014-09-17,20.1411291078122
2014-09-18,19.6707842419916
2014-09-19,19.5167584549153
2014-09-20,18.7648084041606
2014-09-21,17.3424944675449
2014-09-22,14.4165193179894
2014-09-23,12.6786268831606
2014-09-24,12.4523877812663
2014-09-25,12.7609551932773
2014-09-26,13.3057891071592
2014-09-27,15.2485965625846
2014-09-28,16.6058617774432
2014-09-29,17.0551959208157
2014-09-30,16.4144918415655
2014-10-01,16.116873629752
2014-10-02,16.1926453667214
2014-10-03,15.9939246343468
2014-10-04,14.6166744032592
2014-10-05,11.5081427679228
2014-10-06,11.666369427256
2014-10-07,13.9110085482376
2014-10-08,16.1709791319638
2014-10-09,15.7157393683199
2014-10-10,14.3130520672495
2014-10-11,13.8253948778763
2014-10-12,14.5064987346746
2014-10-13,14.1058147077868
2014-10-14,12.3556679150793
2014-10-15,13.4101244903485
2014-10-16,15.5006177096471
2014-10-17,15.9889758835289
2014-10-18,17.2663874402565
2014-10-19,17.0060637751997
2014-10-20,15.2806405923927
2014-10-21,14.0149343416226
2014-10-22,8.94006017125333
2014-10-23,9.45295176796039
2014-10-24,11.1104244749247
2014-10-25,12.0877645943304
2014-10-26,11.6160078111809
2014-10-27,10.9254145856421
2014-10-28,10.4950716355441
2014-10-29,10.9338406584795
2014-10-30,12.2737291481924
2014-10-31,13.0401341399648
2014-11-01,12.5205184358504
2014-11-02,12.3591385415443
2014-11-03,11.5940079437338
2014-11-04,8.3049066181189
2014-11-05,5.72112144136841
2014-11-06,4.95154696763647
2014-11-07,7.28354125266082
2014-11-08,8.02522827694446
2014-11-09,7.33244960112947
2014-11-10,6.93263064681882
2014-11-11,8.63836751570666
2014-11-12,8.52733182049565
2014-11-13,7.9163641127406
2014-11-14,9.17388207717984
2014-11-15,8.17171610119365
2014-11-16,6.44082812407002
2014-11-17,6.21404899132602
2014-11-18,6.32516892808177
2014-11-19,5.41336498301802
2014-11-20,6.81738651716964
2014-11-21,8.18855772055013
2014-11-22,10.5224136176899
2014-11-23,11.4518140018024
2014-11-24,10.3345771252185
2014-11-25,9.2778168383983
2014-11-26,9.14541750997735
2014-11-27,8.52476183538334
2014-11-28,11.1378050939466
2014-11-29,9.6896977327918
2014-11-30,6.66826035349755
2014-12-01,3.55449063769357
2014-12-02,2.04818335416075
2014-12-03,1.07271566802328
2014-12-04,0.648704972377432
2014-12-05,2.07146304295428
2014-12-06,0.926051640238938
2014-12-07,0.843018467421072
2014-12-08,2.0017097682068
2014-12-09,-0.0647898779372964
2014-12-10,2.93392855762145
2014-12-11,5.30336271068438
2014-12-12,5.44133692103187
2014-12-13,4.14282088679547
2014-12-14,1.85754907480271
2014-12-15,3.68041415150817
2014-12-16,4.64049103744359
2014-12-17,6.34571659479723
2014-12-18,9.51821852612319
2014-12-19,8.40404449929272
2014-12-20,5.72218934065717
2014-12-21,3.89723682631496
2014-12-22,3.50984027356256
2014-12-23,2.60214797300217
2014-12-24,3.7713024500323
2014-12-25,3.0221328310887
2014-12-26,0.334556255248405
2014-12-27,2.177135490316
2014-12-28,-4.15788284830123
2014-12-29,-7.25352104731026
2014-12-30,-4.24936106755112
2014-12-31,-4.02540455597919
2015-01-01,-4.85838027513245
2015-01-02,0.259778443608821
2015-01-03,4.99049796915833
2015-01-04,5.32203962233294
2015-01-05,-0.0590302549617657
2015-01-06,-0.992162047163524
2015-01-07,0.927663698884813
2015-01-08,4.77615275408691
2015-01-09,8.05894447108856
2015-01-10,9.49241941768046
2015-01-11,4.21471006136518
2015-01-12,3.28599737569096
2015-01-13,5.5703168657478
2015-01-14,4.63375076978699
2015-01-15,5.74662916229943
2015-01-16,3.26070031007006
2015-01-17,-0.463734427012867
2015-01-18,-1.78908587952011
2015-01-19,-1.89616506187413
2015-01-20,-3.01458843511625
2015-01-21,-2.56089682429756
2015-01-22,-2.6469371900251
2015-01-23,-3.8160746990092
2015-01-24,-1.96947452404015
2015-01-25,-1.71109158299141
2015-01-26,1.13652735541882
2015-01-27,1.44798694073545
2015-01-28,2.6749804766741
2015-01-29,2.56025782762366
2015-01-30,-0.226820038729828
2015-01-31,-1.16577455626169
2015-02-01,-1.49404874485498
2015-02-02,-2.75190984552654
2015-02-03,-4.96856983875895
2015-02-04,-4.20804225830178
2015-02-05,-4.75813826679133
2015-02-06,-5.82089238964955
2015-02-07,-4.03204535747312
2015-02-08,-1.33958174291492
2015-02-09,-2.000130024228
2015-02-10,-1.04175538914797
2015-02-11,-0.781828476197312
2015-02-12,0.148986507609678
2015-02-13,3.40777258892333
2015-02-14,3.59585175015435
2015-02-15,2.42031812134892
2015-02-16,1.3935440483735
2015-02-17,2.37752825380582
2015-02-18,0.516547970095372
2015-02-19,0.403489812512001
2015-02-20,3.10671653970808
2015-02-21,1.0731563425308
2015-02-22,-0.258152410149562
2015-02-23,3.62162094133314
2015-02-24,1.94224996384931
2015-02-25,3.48518082336168
2015-02-26,5.55296199370843
2015-02-27,2.30746148156113
2015-02-28,2.12851838532366
2015-03-01,7.35413303479737
2015-03-02,6.9580338298373
2015-03-03,4.65716635868932
2015-03-04,2.1118293117203
2015-03-05,1.52544375887114
2015-03-06,2.43436282119176
2015-03-07,4.29284092982255
2015-03-08,5.57307949946093
2015-03-09,6.29214159244065
2015-03-10,6.70653211352692
2015-03-11,7.85826275952592
2015-03-12,6.17785267596496
2015-03-13,4.13707447346726
2015-03-14,2.70468891705351
2015-03-15,2.47064551722833
2015-03-16,3.78082294127013
2015-03-17,6.30368181095274
2015-03-18,8.61060407265762
2015-03-19,5.80630270595902
2015-03-20,5.70290270830611
2015-03-21,5.25152125386271
2015-03-22,3.6507538279368
2015-03-23,4.53997221308811
2015-03-24,4.31110921878094
2015-03-25,2.26812622618744
2015-03-26,3.45359189291158
2015-03-27,6.05924252483365
2015-03-28,8.53863178735597
2015-03-29,9.56553083715368
2015-03-30,10.1679242465243
2015-03-31,10.1659787195135
2015-04-01,6.20401578263444
2015-04-02,6.84088533704058
2015-04-03,7.27053238865802
2015-04-04,6.89516044911809
2015-04-05,4.09004450154259
2015-04-06,4.77298989636391
2015-04-07,6.57204460335393
2015-04-08,7.83640193168684
2015-04-09,9.83443872535363
2015-04-10,10.4224655973107
2015-04-11,9.62748066219189
2015-04-12,10.1950810293885
2015-04-13,12.5000121173057
2015-04-14,14.6100417819099
2015-04-15,15.3242546877185
2015-04-16,13.7146361848
2015-04-17,11.9511631873697
2015-04-18,10.558788821674
2015-04-19,9.04545839670847
2015-04-20,10.7683424046007
2015-04-21,12.8033367241104
2015-04-22,13.0265920120049
2015-04-23,12.3618070155208
2015-04-24,12.145472116483
2015-04-25,12.9658277355829
2015-04-26,12.2700473342955
2015-04-27,9.52602122617033
2015-04-28,7.23471078921193
2015-04-29,7.93079312694251
2015-04-30,9.26948608714438
2015-05-01,10.9397028445295
2015-05-02,12.3755573320586
2015-05-03,14.6948760938575
2015-05-04,15.0622227148027
2015-05-05,14.6675225430097
2015-05-06,11.6374331265274
2015-05-07,11.3099948014124
2015-05-08,13.0250646033814
2015-05-09,14.6923940529361
2015-05-10,15.4996333910728
2015-05-11,17.0564764918159
2015-05-12,15.5774833498614
2015-05-13,15.1129947477149
2015-05-14,12.9241872910836
2015-05-15,10.3923209610794
2015-05-16,11.8096788692467
2015-05-17,13.4734056064673
2015-05-18,12.707897935715
2015-05-19,9.88302596445014
2015-05-20,8.96810062544867
2015-05-21,9.78079495517683
2015-05-22,11.7775552544036
2015-05-23,13.9398400327792
2015-05-24,14.701409072336
2015-05-25,14.1938533328159
2015-05-26,13.2245976795786
2015-05-27,14.0443223962075
2015-05-28,14.1806011983807
2015-05-29,13.5717571753949
2015-05-30,13.7672773627831
2015-05-31,14.6596151245587
2015-06-01,13.5937372868579
2015-06-02,16.5418852022794
2015-06-03,16.9983875587206
2015-06-04,19.7944390515458
2015-06-05,21.3480891860789
2015-06-06,18.0655767710876
2015-06-07,17.9941450427277
2015-06-08,17.750835763809
2015-06-09,16.2333966873444
2015-06-10,16.4729144407452
2015-06-11,20.1562477344608
2015-06-12,18.441388046585
2015-06-13,17.3923006395067
2015-06-14,16.4978870630352
2015-06-15,16.0930093819442
2015-06-16,16.0891950640889
2015-06-17,16.8304960697275
2015-06-18,17.4650419832755
2015-06-19,16.8162319954794
2015-06-20,17.161493029327
2015-06-21,18.4496024732018
2015-06-22,17.2565897495108
2015-06-23,16.1783712140007
2015-06-24,17.3108392926016
2015-06-25,19.597939128949
2015-06-26,21.088090958174
2015-06-27,19.8046444074326
2015-06-28,20.4553387587087
2015-06-29,21.4764814924374
2015-06-30,24.1463467902411
2015-07-01,24.5893187433958
2015-07-02,22.9802538312023
2015-07-03,24.3559446101852
2015-07-04,24.4285733066572
2015-07-05,21.8448408173474
2015-07-06,22.2326127399148
2015-07-07,21.8528500010407
2015-07-08,18.5319484262446
2015-07-09,18.4551976800337
2015-07-10,20.9121072624979
2015-07-11,20.742329257785
2015-07-12,19.5097436609855
2015-07-13,20.6423588438298
2015-07-14,20.8137066027423
2015-07-15,22.207325272981
2015-07-16,23.9653978084037
2015-07-17,22.8548223648996
2015-07-18,21.9240480249016
2015-07-19,21.4501670447634
2015-07-20,22.3299929633332
2015-07-21,23.2364081709521
2015-07-22,21.6432240890023
2015-07-23,20.6302258501238
2015-07-24,20.8110530811606
2015-07-25,18.6911847825865
2015-07-26,16.6784216905701
2015-07-27,18.9543893776367
2015-07-28,16.9056019932249
2015-07-29,16.6815061828561
2015-07-30,15.8369725944734
2015-07-31,16.2457158475709
2015-08-01,17.9397030932555
2015-08-02,20.1257108899784
2015-08-03,22.3935501428879
2015-08-04,19.9823424189416
2015-08-05,21.203663679149
2015-08-06,22.268208867789
2015-08-07,22.2905437991677
2015-08-08,20.0273188069102
2015-08-09,18.9630581774447
2015-08-10,19.8659687078638
2015-08-11,21.4975632067794
2015-08-12,23.9458148559283
2015-08-13,21.3512704251033
2015-08-14,18.2013087436348
2015-08-15,16.2722552302891
2015-08-16,15.6748461449632
2015-08-17,16.644463792779
2015-08-18,16.5978651087278
2015-08-19,17.5231538254775
2015-08-20,18.9738048631874
2015-08-21,20.9906532869824
2015-08-22,21.33174160811
2015-08-23,18.1057006452238
2015-08-24,16.6803370182533
2015-08-25,16.4244502687438
2015-08-26,19.5967350258277
2015-08-27,18.0703506085947
2015-08-28,18.9390359780934
2015-08-29,21.4230030444017
2015-08-30,22.7412904962731
2015-08-31,21.2274191102741
2015-09-01,17.5532091750098
2015-09-02,15.4367874698347
2015-09-03,14.578050485836
2015-09-04,13.8585387627549
2015-09-05,14.0024402608929
2015-09-06,13.6065909337082
2015-09-07,13.6180602261188
2015-09-08,14.7344623014611
2015-09-09,16.099942792924
2015-09-10,16.3432535608804
2015-09-11,16.1490329062759
2015-09-12,16.6148841134564
2015-09-13,15.2247830140824
2015-09-14,14.7367898873005
2015-09-15,13.9625672399964
2015-09-16,17.7623133578982
2015-09-17,15.3075050346241
2015-09-18,13.9663571364099
2015-09-19,14.1330261573298
2015-09-20,13.2067261975675
2015-09-21,12.9377126743872
2015-09-22,12.7605232072295
2015-09-23,11.5774200569473
2015-09-24,12.3734959434138
2015-09-25,13.5293578028017
2015-09-26,12.8760115236573
2015-09-27,13.0931401704022
2015-09-28,13.0675322190387
2015-09-29,12.1881960938013
2015-09-30,12.6274990712672
2015-10-01,10.7844259533286
2015-10-02,10.4309263755869
2015-10-03,11.6895790212472
2015-10-04,10.8757077476904
2015-10-05,15.2054211818987
2015-10-06,16.1133249564849
2015-10-07,12.8465733017051
2015-10-08,11.377517553044
2015-10-09,10.4537214550348
2015-10-10,10.8475550577763
2015-10-11,10.9427365536962
2015-10-12,10.3908829458585
2015-10-13,8.5834850830382
2015-10-14,4.78767120202671
2015-10-15,3.96358610834179
2015-10-16,4.60637628363746
2015-10-17,7.18526915022763
2015-10-18,8.23243587864494
2015-10-19,8.32975083174568
2015-10-20,8.57496531037778
2015-10-21,7.78469601619919
2015-10-22,9.74353167203483
2015-10-23,10.3886120587143
2015-10-24,10.5325530104823
2015-10-25,10.3236572540322
2015-10-26,11.2311261854505
2015-10-27,12.7262264864733
2015-10-28,10.52350204262
2015-10-29,9.6721103783568
2015-10-30,10.8030961990195
2015-10-31,11.2659780256492
2015-11-01,10.5338159713083
2015-11-02,9.73556005156882
2015-11-03,11.190235548291
2015-11-04,12.2685034013692
2015-11-05,12.1434645112007
2015-11-06,13.9868801200583
2015-11-07,14.354241889571
2015-11-08,13.112779774918
2015-11-09,12.6938922944384
2015-11-10,10.4303478992586
2015-11-11,9.32182855885374
2015-11-12,9.3397236806495
2015-11-13,9.48494895383907
2015-11-14,8.08184068151768
2015-11-15,9.97780724570825
2015-11-16,9.82234415739266
2015-11-17,11.5489563366979
2015-11-18,12.3675033178432
2015-11-19,12.5464678196699
2015-11-20,11.1942735664354
2015-11-21,3.72201646809164
2015-11-22,-0.582769725876441
2015-11-23,-1.37062152235019
2015-11-24,-0.581418061424866
2015-11-25,5.11198930041452
2015-11-26,3.9871630745227
2015-11-27,1.67361330327433
2015-11-28,3.373898526683
2015-11-29,7.24484604661316
2015-11-30,8.26888271669922
2015-12-01,7.65292900488023
2015-12-02,4.69080909994974
2015-12-03,3.89889473495132
2015-12-04,6.13129635371507
2015-12-05,3.88847710593525
2015-12-06,7.71226286085325
2015-12-07,8.28806833263146
2015-12-08,7.18148155956784
2015-12-09,4.53471470712725
2015-12-10,1.01086038274189
2015-12-11,3.56521224144831
2015-12-12,4.78392786423749
2015-12-13,3.01159161391083
2015-12-14,3.71603065602232
2015-12-15,7.0039808043585
2015-12-16,9.30212773013919
2015-12-17,9.45567452708009
2015-12-18,9.27380355028112
2015-12-19,9.03723893258687
2015-12-20,9.61588581582897
2015-12-21,8.42276657354164
2015-12-22,8.47376421155312
2015-12-23,7.64304786415528
2015-12-24,8.21664167828273
2015-12-25,8.05114451777334
2015-12-26,7.24110113602178
2015-12-27,6.57191458238717
2015-12-28,6.84084223284297
2015-12-29,6.65676541575491
2015-12-30,5.5376069358194
2015-12-31,5.9187884654124
2016-01-01,4.13584402303949
2016-01-02,6.10890902548887
2016-01-03,3.90797045056376
2016-01-04,5.19454451722633
2016-01-05,4.11014063707539
2016-01-06,3.79365820853256
2016-01-07,5.68926998136342
2016-01-08,4.55274656960642
2016-01-09,6.25612303226511
2016-01-10,4.90806066187096
2016-01-11,5.27627601739193
2016-01-12,3.69773042378959
2016-01-13,1.14797650441479
2016-01-14,0.999279937827112
2016-01-15,-1.2520395789652
2016-01-16,-2.44302591245789
2016-01-17,-2.93653508321331
2016-01-18,-4.09217322046363
2016-01-19,-2.2188204397869
2016-01-20,-2.03535995086332
2016-01-21,-2.89268485296638
2016-01-22,0.682124112152487
2016-01-23,4.22247671622438
2016-01-24,4.66961988357879
2016-01-25,5.893623342109
2016-01-26,6.38915113940983
2016-01-27,7.45247387249334
2016-01-28,6.004309576825
2016-01-29,4.7180349342434
2016-01-30,5.27454540535616
2016-01-31,8.6463723171781
2016-02-01,9.80470004572195
2016-02-02,7.73369932176025
2016-02-03,3.8457934038108
2016-02-04,3.6887977309221
2016-02-05,6.57373005405544
2016-02-06,7.58228294606701
2016-02-07,5.68366489687164
2016-02-08,6.95071452967963
2016-02-09,4.90472571269441
2016-02-10,1.15810208063337
2016-02-11,0.626568832982691
2016-02-12,2.29570974772946
2016-02-13,5.28764623652585
2016-02-14,3.60257572279038
2016-02-15,-0.0044464500795475
2016-02-16,-1.97439491628732
2016-02-17,-3.41013449035516
2016-02-18,-1.52167765644643
2016-02-19,0.476700489892331
2016-02-20,5.15379036791856
2016-02-21,7.92571561812419
2016-02-22,6.75698798219632
2016-02-23,5.37393758664231
2016-02-24,2.96791404551176
2016-02-25,2.00962190646807
2016-02-26,0.312711890419932
2016-02-27,1.03937994940431
2016-02-28,0.557970658447942
2016-02-29,0.194840500370188
2016-03-01,2.0397855483702
2016-03-02,5.39242400952541
2016-03-03,3.50361355412524
2016-03-04,3.54327125148093
2016-03-05,1.70681673503584
2016-03-06,0.0687050229508511
2016-03-07,-0.41848768917539
2016-03-08,0.00617827463126179
2016-03-09,1.61614778750256
2016-03-10,2.93308851847961
2016-03-11,3.14620136179093
2016-03-12,3.11843522615458
2016-03-13,2.69929542554264
2016-03-14,3.58557077836626
2016-03-15,3.76143879284676
2016-03-16,2.32800999379575
2016-03-17,2.82185746510315
2016-03-18,3.45825584962356
2016-03-19,3.99985461627883
2016-03-20,4.30197363176701
2016-03-21,5.32446663527842
2016-03-22,5.32319520140484
2016-03-23,5.01013990922119
2016-03-24,5.21452286918093
2016-03-25,6.6558117436596
2016-03-26,8.79370647636111
2016-03-27,6.8481158431453
2016-03-28,7.69402002895699
2016-03-29,7.76681908238456
2016-03-30,8.71108313299173
2016-03-31,6.88564638727582
2016-04-01,4.90340683590218
2016-04-02,6.55099290571069
2016-04-03,11.0337128631776
2016-04-04,9.39675079097291
2016-04-05,8.99023600635393
2016-04-06,8.36513836073385
2016-04-07,6.38444591941392
2016-04-08,5.11292511483942
2016-04-09,5.56845156910075
2016-04-10,8.26502889364193
2016-04-11,9.63697026956609
2016-04-12,9.49559609393726
2016-04-13,9.40008696007327
2016-04-14,9.13576562428687
2016-04-15,10.5756096016659
2016-04-16,9.64187949977666
2016-04-17,6.62991607216575
2016-04-18,6.00104050810067
2016-04-19,8.42318520722078
2016-04-20,11.3093946764557
2016-04-21,12.2547612071527
2016-04-22,11.2431985263509
2016-04-23,8.48809164418488
2016-04-24,4.41566455852683
2016-04-25,4.89126967887095
2016-04-26,5.32377120998851
2016-04-27,4.59797025209575
2016-04-28,5.07560294760185
2016-04-29,6.71353976556229
2016-04-30,5.6839439416309
2016-05-01,5.82872879039109
2016-05-02,9.47213113088933
2016-05-03,10.3564917205358
2016-05-04,10.7968641036547
2016-05-05,12.8885474314334
2016-05-06,14.267407169463
2016-05-07,15.1300853889416
2016-05-08,15.3012797689306
2016-05-09,14.8563793579307
2016-05-10,14.7988776390222
2016-05-11,12.5978113505477
2016-05-12,12.209265919422
2016-05-13,12.9181203587915
2016-05-14,10.9267691182725
2016-05-15,9.82729051417892
2016-05-16,10.7711542596661
2016-05-17,11.8813844970031
2016-05-18,11.5277562287967
2016-05-19,11.4954426178855
2016-05-20,13.5494011757507
2016-05-21,16.2280865854278
2016-05-22,12.360397560548
2016-05-23,10.7425070313337
2016-05-24,11.3636121966212
2016-05-25,13.0370251419991
2016-05-26,15.0993609651476
2016-05-27,16.7039257552885
2016-05-28,16.1212572803119
2016-05-29,14.5178514863916
2016-05-30,13.5552267363563
2016-05-31,12.9952306236622
2016-06-01,13.0861675719239
2016-06-02,13.3142235196926
2016-06-03,13.5399774796577
2016-06-04,14.3775111044325
2016-06-05,16.2098503046974
2016-06-06,17.9739848001971
2016-06-07,18.7693791196055
2016-06-08,18.794809149497
2016-06-09,18.8091748109751
2016-06-10,17.5117215092928
2016-06-11,16.5097096617401
2016-06-12,16.1343143852746
2016-06-13,15.829210420115
2016-06-14,14.7800126089071
2016-06-15,14.140257317291
2016-06-16,13.8301573488598
2016-06-17,13.9263712615867
2016-06-18,13.8298094768218
2016-06-19,14.9633575542287
2016-06-20,15.8241157333786
2016-06-21,18.5282366559686
2016-06-22,21.4267160577971
2016-06-23,22.4517683087046
2016-06-24,19.9267249487747
2016-06-25,17.4305656322008
2016-06-26,16.5046579976053
2016-06-27,17.0253882014919
2016-06-28,17.969886434447
2016-06-29,17.616293581817
2016-06-30,18.3508441755219
2016-07-01,18.5771534998642
2016-07-02,16.6684862468216
2016-07-03,16.6120883607156
2016-07-04,18.4984545798484
2016-07-05,18.8425481944412
2016-07-06,18.8976873102262
2016-07-07,20.2333139278974
2016-07-08,21.0039160293944
2016-07-09,21.1494404024117
2016-07-10,21.6634097419045
2016-07-11,19.4077010144816
2016-07-12,17.5141208745351
2016-07-13,15.3542929770226
2016-07-14,14.5411305597126
2016-07-15,16.2665285793471
2016-07-16,18.9173661529532
2016-07-17,21.1623076186971
2016-07-18,23.2509347951218
2016-07-19,24.6076037620699
2016-07-20,22.1080249286258
2016-07-21,20.4681852578302
2016-07-22,20.0070905316425
2016-07-23,19.8760428075685
2016-07-24,20.5219012282272
2016-07-25,21.1766583430939
2016-07-26,20.2421916983058
2016-07-27,19.7427487588411
2016-07-28,19.9139963429964
2016-07-29,20.1951967886091
2016-07-30,19.816907842031
2016-07-31,19.1483937053849
2016-08-01,18.5756795490564
2016-08-02,19.5427447214168
2016-08-03,20.6262140245389
2016-08-04,18.0649202290192
2016-08-05,17.6828225885226
2016-08-06,18.6355797566877
2016-08-07,20.6442588235428
2016-08-08,19.9487293225263
2016-08-09,17.4913127331419
2016-08-10,15.3342499475824
2016-08-11,16.1391937327586
2016-08-12,18.8092833246813
2016-08-13,20.4595887552617
2016-08-14,21.2920424879324
2016-08-15,21.837544638855
2016-08-16,22.2058612887705
2016-08-17,21.3172418264942
2016-08-18,19.556689730509
2016-08-19,18.689925003862
2016-08-20,18.1095738837024
2016-08-21,17.5199898428202
2016-08-22,19.9618327970068
2016-08-23,22.7711790740045
2016-08-24,23.1710316910597
2016-08-25,23.8332716189774
2016-08-26,23.3595207080229
2016-08-27,23.595703169259
2016-08-28,21.0638533730409
2016-08-29,19.2789587365035
2016-08-30,19.1045401360913
2016-08-31,20.1072590946137
2016-09-01,20.392258934499
2016-09-02,20.1766664456244
2016-09-03,20.7307238156666
2016-09-04,20.2135884805684
2016-09-05,20.0696341949503
2016-09-06,21.4272101164012
2016-09-07,21.3090779732262
2016-09-08,19.633412605345
2016-09-09,19.0276728274238
2016-09-10,19.6142385260628
2016-09-11,20.1181297704571
2016-09-12,22.2070992535418
2016-09-13,22.6703364517238
2016-09-14,18.6231596379923
2016-09-15,16.5024441523509
2016-09-16,15.3169085401759
2016-09-17,14.0541632565725
2016-09-18,14.5854837544162
2016-09-19,15.7014213643455
2016-09-20,15.5405562614483
2016-09-21,15.1792407396194
2016-09-22,14.908775605996
2016-09-23,15.8965898440164
2016-09-24,16.4087760295472
2016-09-25,15.8168411843704
2016-09-26,13.8818289446485
2016-09-27,15.1401813791124
2016-09-28,16.362862390437
2016-09-29,16.1350422866442
2016-09-30,15.0844520016257
2016-10-01,13.7500100095852
2016-10-02,11.9366684419643
2016-10-03,11.1386227459947
2016-10-04,12.6977832080384
2016-10-05,12.4540525414172
2016-10-06,9.26575812922616
2016-10-07,9.00392317622637
2016-10-08,10.096358326367
2016-10-09,8.75670025413517
2016-10-10,6.9324062382023
2016-10-11,6.89753293857277
2016-10-12,6.80933457307498
2016-10-13,8.2063132634449
2016-10-14,9.53695624008144
2016-10-15,10.582584602782
2016-10-16,12.1083216070607
2016-10-17,12.1955689460214
2016-10-18,10.0174585619645
2016-10-19,8.7808485432352
2016-10-20,8.22219965624481
2016-10-21,7.41395673182153
2016-10-22,6.2392057241595
2016-10-23,8.3011610947191
2016-10-24,12.2223693910032
2016-10-25,11.4992204281883
2016-10-26,10.2542826931049
2016-10-27,9.12370594881839
2016-10-28,7.99887468868212
2016-10-29,8.26578854945793
2016-10-30,9.07152023349864
2016-10-31,9.34284388233391
2016-11-01,8.47073363627798
2016-11-02,7.58859191809899
2016-11-03,4.43504051992716
2016-11-04,5.44599124592409
2016-11-05,7.1465026803974
2016-11-06,2.67940013579797
2016-11-07,1.04411457064704
2016-11-08,1.79181870890383
2016-11-09,4.68620142552421
2016-11-10,6.99290981607076
2016-11-11,5.42409668818208
2016-11-12,2.87176635543528
2016-11-13,5.99755171520485
2016-11-14,4.1419616084973
2016-11-15,5.90285685203506
2016-11-16,7.97603461813782
2016-11-17,8.76417313748618
2016-11-18,6.87547823823574
2016-11-19,4.95247160763333
2016-11-20,9.27517443011403
2016-11-21,11.1580970649811
2016-11-22,7.77722461590958
2016-11-23,8.64051680191657
2016-11-24,8.89899372684793
2016-11-25,6.33076634513084
2016-11-26,5.50936634461026
2016-11-27,5.02705270886508
2016-11-28,2.07527941774152
2016-11-29,-1.32662199150748
2016-11-30,-0.788423185193303
2016-12-01,-1.33682582171603
2016-12-02,-1.05817832071908
2016-12-03,-0.125832506727018
2016-12-04,1.24121733590863
2016-12-05,3.87010549268643
2016-12-06,3.49208459072739
2016-12-07,2.642929007751
2016-12-08,3.03587528211764
2016-12-09,3.02917385497458
2016-12-10,1.91549085377605
2016-12-11,2.73710003291683
2016-12-12,3.49672052211273
2016-12-13,3.71136184954491
2016-12-14,2.94127756023803
2016-12-15,2.58802634817999
2016-12-16,4.73653774599128
2016-12-17,1.73588512186493
2016-12-18,-0.295638022769684
2016-12-19,-0.276176569177708
2016-12-20,0.330979913941008
2016-12-21,1.48384708858439
2016-12-22,3.45517340707935
2016-12-23,3.67687028994278
2016-12-24,5.99138910639762
2016-12-25,6.98668618280632
2016-12-26,5.96162684161394
2016-12-27,0.836888469929607
2016-12-28,-0.447408376493712
2016-12-29,-3.58135340645716
2016-12-30,-4.98104350324601
2016-12-31,-5.62899880422903
2017-01-01,-4.18290354591876
2017-01-02,-1.48391243192533
2017-01-03,-3.70738685181253
2017-01-04,-2.84771144546772
2017-01-05,-1.88363987831755
2017-01-06,-6.46451293864957
2017-01-07,-6.0404152269998
2017-01-08,-0.190677768183518
2017-01-09,1.2635406504329
2017-01-10,1.99460900241851
2017-01-11,3.39400708510971
2017-01-12,4.17855179637918
2017-01-13,-0.0764462701454188
2017-01-14,-1.61223462868804
2017-01-15,-1.35899785946862
2017-01-16,-1.08796192670398
2017-01-17,-6.93517308477265
2017-01-18,-8.39295611061201
2017-01-19,-8.3965893038812
2017-01-20,-7.18456803731359
2017-01-21,-5.22204073803629
2017-01-22,-4.19811755007148
2017-01-23,-3.71263337801093
2017-01-24,-4.74715299443736
2017-01-25,-6.46894514666052
2017-01-26,-6.17950361377023
2017-01-27,1.93116022207514
2017-01-28,3.74970338296785
2017-01-29,2.59851685432931
2017-01-30,5.56770996539748
2017-01-31,7.3032361339682
2017-02-01,7.34113920562081
2017-02-02,7.72587625626689
2017-02-03,5.1566001153071
2017-02-04,4.51375601864561
2017-02-05,3.79092939035149
2017-02-06,2.62152007748768
2017-02-07,4.57865747289252
2017-02-08,1.81111757495983
2017-02-09,-0.490472078904554
2017-02-10,-1.34994985721718
2017-02-11,-2.12057637381808
2017-02-12,2.45494445536771
2017-02-13,7.26191820310699
2017-02-14,7.26468108764754
2017-02-15,7.70223793204631
2017-02-16,6.0299435556814
2017-02-17,5.03153071089789
2017-02-18,3.48608657360923
2017-02-19,2.85861883186999
2017-02-20,6.06667030578044
2017-02-21,7.76756022160111
2017-02-22,7.35663432867506
2017-02-23,5.95762438772813
2017-02-24,3.75239094956704
2017-02-25,2.09443282326168
2017-02-26,5.10904174410492
2017-02-27,6.07265454387264
2017-02-28,3.77471675642918
2017-03-01,5.52926690719961
2017-03-02,6.02802326402647
2017-03-03,7.65387039077893
2017-03-04,5.36254507185337
2017-03-05,4.09042734919464
2017-03-06,5.86360429952776
2017-03-07,4.67590101823432
2017-03-08,7.46309790517311
2017-03-09,9.82285221537931
2017-03-10,8.98940130636678
2017-03-11,8.68224563307005
2017-03-12,7.96494526636932
2017-03-13,8.08068417768302
2017-03-14,6.94755822236558
2017-03-15,8.35069636078572
2017-03-16,8.90573291884928
2017-03-17,7.59920282201867
2017-03-18,8.16656595461493
2017-03-19,9.47060504192922
2017-03-20,8.94574087453575
2017-03-21,6.6351276721751
2017-03-22,4.57582000677266
2017-03-23,4.96368630370004
2017-03-24,5.96331637568946
2017-03-25,8.51745668408808
2017-03-26,8.09303508747765
2017-03-27,9.65298583251371
2017-03-28,9.90126474037906
2017-03-29,11.2117339031419
2017-03-30,12.8130944613651
2017-03-31,11.3797149182692
2017-04-01,8.23076262596379
2017-04-02,8.27998733622341
2017-04-03,10.038842341251
2017-04-04,10.3155209352669
2017-04-05,9.37736941813896
2017-04-06,7.9412482029407
2017-04-07,8.72675371307399
2017-04-08,11.7752444628859
2017-04-09,13.3568881339488
2017-04-10,11.295393209697
2017-04-11,9.40924210150952
2017-04-12,9.63863868985537
2017-04-13,10.5463418937157
2017-04-14,10.4527104645332
2017-04-15,9.74033175722061
2017-04-16,9.43323158602519
2017-04-17,8.86451711769121
2017-04-18,6.80256706321215
2017-04-19,4.76969820750647
2017-04-20,4.29889639710459
2017-04-21,7.17139890012899
2017-04-22,9.48930398651144
2017-04-23,9.39774112768438
2017-04-24,9.78380503130777
2017-04-25,6.82507086771479
2017-04-26,3.15625318641693
2017-04-27,2.9777251823751
2017-04-28,5.07625545480721
2017-04-29,7.80483728580894
2017-04-30,8.7855006274368
2017-05-01,7.43802973168969
2017-05-02,8.63378982212041
2017-05-03,8.56333558174864
2017-05-04,9.4743662657122
2017-05-05,11.3064004496537
2017-05-06,11.476547070318
2017-05-07,11.1747155695705
2017-05-08,10.2373580021893
2017-05-09,10.3307844627714
2017-05-10,12.0218021761448
2017-05-11,13.0310716865234
2017-05-12,13.9472320682428
2017-05-13,13.4714142900529
2017-05-14,14.1895043007878
2017-05-15,16.2385417898786
2017-05-16,19.1381952350021
2017-05-17,18.3858262224169
2017-05-18,13.6711511523201
2017-05-19,10.2332951709684
2017-05-20,11.2093458124153
2017-05-21,14.0336881284218
2017-05-22,16.5761864065684
2017-05-23,16.6529178735429
2017-05-24,18.0086604706991
2017-05-25,19.6821932432079
2017-05-26,20.6269447045403
2017-05-27,20.5453645735583
2017-05-28,21.1480551950454
2017-05-29,19.9368663906819
2017-05-30,17.7135567432636
2017-05-31,17.6954881759637
2017-06-01,19.3820902824422
2017-06-02,19.7064891845458
2017-06-03,16.3033883973031
2017-06-04,14.7402843098145
2017-06-05,15.7609107349417
2017-06-06,14.2318814668888
2017-06-07,14.1736315846985
2017-06-08,17.3938028621911
2017-06-09,17.4624068995827
2017-06-10,19.6219289917925
2017-06-11,20.7383588644148
2017-06-12,18.3857429231484
2017-06-13,19.1256042686148
2017-06-14,21.6074300160937
2017-06-15,21.2122029118763
2017-06-16,19.5467749991876
2017-06-17,21.027883976398
2017-06-18,22.897725347659
2017-06-19,24.3901712537301
2017-06-20,24.6688777363647
2017-06-21,24.6171929307484
2017-06-22,23.6236923729963
2017-06-23,20.4756166915336
2017-06-24,19.9118122273483
2017-06-25,20.5640552784823
2017-06-26,20.3151772093945
2017-06-27,19.7303946865525
2017-06-28,17.4087962517107
2017-06-29,15.4097594855487
2017-06-30,14.4115287226644
2017-07-01,14.8676650943529
2017-07-02,16.2276909858565
2017-07-03,18.3285916322204
2017-07-04,20.0285844919021
2017-07-05,22.5189680755327
2017-07-06,23.0352521420826
2017-07-07,23.8302538193661
2017-07-08,22.5038712465451
2017-07-09,20.9982336870418
2017-07-10,18.9805343380301
2017-07-11,18.8730896006099
2017-07-12,19.4197947594938
2017-07-13,19.3588400787106
2017-07-14,19.0642881934239
2017-07-15,19.4244955081042
2017-07-16,21.6542834153423
2017-07-17,22.7496207013333
2017-07-18,24.144914255148
2017-07-19,22.3675939021448
2017-07-20,19.2657050659051
2017-07-21,18.3696478184651
2017-07-22,18.1271687459203
2017-07-23,17.6829150111873
2017-07-24,17.6373458972998
2017-07-25,17.7703002721708
2017-07-26,18.0898545548113
2017-07-27,18.8169299923476
2017-07-28,19.1359562391691
2017-07-29,20.9736492618889
2017-07-30,20.635260128944
2017-07-31,19.9721335279498
2017-08-01,20.4195007129877
2017-08-02,21.3756908761292
2017-08-03,21.9560514421092
2017-08-04,21.4577027750509
2017-08-05,20.1702070541909
2017-08-06,18.4987376142483
2017-08-07,19.0406912553451
2017-08-08,17.3232394889062
2017-08-09,15.3297827621324
2017-08-10,14.9165163591048
2017-08-11,15.3690243556397
2017-08-12,16.7639051553838
2017-08-13,18.0672249793956
2017-08-14,20.1049692708238
2017-08-15,19.919430393472
2017-08-16,19.4062596612614
2017-08-17,20.6548576754446
2017-08-18,19.3801113575717
2017-08-19,16.8809884408325
2017-08-20,16.7472252020988
2017-08-21,19.5249200691503
2017-08-22,21.4641762527863
2017-08-23,20.1672076335796
2017-08-24,19.9609239205163
2017-08-25,20.5851659772977
2017-08-26,21.3891454085881
2017-08-27,22.5163364166494
2017-08-28,23.5214042496464
2017-08-29,22.6857231849552
2017-08-30,19.1795880382149
2017-08-31,15.4045067532564
2017-09-01,14.8919531694143
2017-09-02,14.3520674086226
2017-09-03,14.3683443774802
2017-09-04,17.6158060530539
2017-09-05,18.6460041533558
2017-09-06,16.7955968637883
2017-09-07,15.5166141800803
2017-09-08,15.6910366140167
2017-09-09,13.4120446108989
2017-09-10,13.1980206061663
2017-09-11,14.400069115112
2017-09-12,14.0168711966922
2017-09-13,15.9678688395409
2017-09-14,13.4559793493758
2017-09-15,10.5755732307849
2017-09-16,9.68295577582351
2017-09-17,9.98740979057843
2017-09-18,10.2055262836663
2017-09-19,11.0658822492324
2017-09-20,11.2843426556716
2017-09-21,12.476892117551
2017-09-22,13.2392958654483
2017-09-23,14.1846810066114
2017-09-24,15.7167864100863
2017-09-25,14.9743458211352
2017-09-26,14.786882375009
2017-09-27,14.883869306751
2017-09-28,16.4793315392511
2017-09-29,16.785683334584
2017-09-30,13.6721932101966
2017-10-01,13.5239159008788
2017-10-02,15.9302006957106
2017-10-03,14.4291604838057
2017-10-04,12.2346715373163
2017-10-05,12.4431477338925
2017-10-06,10.8150798215514
2017-10-07,9.51881385284113
2017-10-08,11.923771333137
2017-10-09,12.6779639766539
2017-10-10,12.869905258484
2017-10-11,13.660745203773
2017-10-12,14.6741544439903
2017-10-13,14.501841891374
2017-10-14,14.507129595307
2017-10-15,15.6623729338896
2017-10-16,16.4089222163405
2017-10-17,14.3474073883064
2017-10-18,14.6592276443914
2017-10-19,14.4417494960908
2017-10-20,13.5574689474737
2017-10-21,12.8897999403061
2017-10-22,9.89172805806554
2017-10-23,10.9284555324926
2017-10-24,13.3449126864084
2017-10-25,13.2315787261095
2017-10-26,12.8132109840322
2017-10-27,12.3179827431789
2017-10-28,8.51301493458523
2017-10-29,9.3863855284246
2017-10-30,7.26537193987346
2017-10-31,4.62296923890277
2017-11-01,6.52694617286357
2017-11-02,9.88512553574672
2017-11-03,10.3624902159417
2017-11-04,11.294162302824
2017-11-05,6.05857612024344
2017-11-06,2.94773542203297
2017-11-07,1.94325056389292
2017-11-08,2.82672374070661
2017-11-09,3.8590387753024
2017-11-10,6.39711403836877
2017-11-11,8.9901526399908
2017-11-12,8.41700270504368
2017-11-13,2.80888929782219
2017-11-14,3.15949147734985
2017-11-15,2.66048220483651
2017-11-16,2.32745617375816
2017-11-17,4.60658794866954
2017-11-18,2.91956254108212
2017-11-19,3.2577540723682
2017-11-20,4.16510287614036
2017-11-21,6.02408668366649
2017-11-22,7.74117361389024
2017-11-23,10.6409036090656
2017-11-24,8.55112472996117
2017-11-25,4.11566598606754
2017-11-26,0.115077081409483
2017-11-27,2.07991211731861
2017-11-28,1.88297089024091
2017-11-29,-0.212677276545196
2017-11-30,-1.53469005644038
2017-12-01,-3.00880897333083
2017-12-02,-4.3478148347061
2017-12-03,-3.51336927887012
2017-12-04,0.758727808857225
2017-12-05,1.22870942115717
2017-12-06,0.000451204845132979
2017-12-07,1.80088095836001
2017-12-08,1.72685483143838
2017-12-09,-1.97544213477076
2017-12-10,2.64911556082181
2017-12-11,4.36644924524755
2017-12-12,-0.246296124912153
2017-12-13,2.45797132971733
2017-12-14,4.84269414330464
2017-12-15,2.32411137310744
2017-12-16,-0.314383650088694
2017-12-17,-0.0511818101738776
2017-12-18,2.73915387034041
2017-12-19,-0.759669576793886
2017-12-20,0.976030283158361
2017-12-21,4.55830650137234
2017-12-22,5.19665392985587
2017-12-23,5.14348614718607
2017-12-24,3.41080341869539
2017-12-25,1.92185600488782
2017-12-26,3.54111602263601
2017-12-27,1.73801230008424
2017-12-28,-1.96593111534593
2017-12-29,1.45178182821056
2017-12-30,9.32597462809531
2017-12-31,8.17932301529632
2018-01-01,5.42698940144681
2018-01-02,6.10042363420299
2018-01-03,9.20851120766946
2018-01-04,10.2576607803945
2018-01-05,7.14366005111805
2018-01-06,4.36791131175598
2018-01-07,5.5516386048715
2018-01-08,4.24496487717717
2018-01-09,3.55780227539464
2018-01-10,4.56290820108657
2018-01-11,2.86875442381113
2018-01-12,1.35903262322572
2018-01-13,0.311859217714278
2018-01-14,1.09435167118556
2018-01-15,3.65702290717254
2018-01-16,7.24247789543621
2018-01-17,3.93247760439439
2018-01-18,5.54180739685802
2018-01-19,3.34838307912843
2018-01-20,5.10744160267927
2018-01-21,7.3134268512264
2018-01-22,8.78838118439163
2018-01-23,7.43386608563037
2018-01-24,7.92659168111733
2018-01-25,6.26470725280699
2018-01-26,3.39216229826542
2018-01-27,1.87022054443436
2018-01-28,3.88425720347122
2018-01-29,5.30886844105147
2018-01-30,5.11217648956826
2018-01-31,4.57858860945697
2018-02-01,1.14828073794533
2018-02-02,-0.719585656523871
2018-02-03,-0.346513819480636
2018-02-04,-0.822212230470094
2018-02-05,-3.02955175571395
2018-02-06,-3.12919299676877
2018-02-07,-4.48718953394343
2018-02-08,-4.75623398200256
2018-02-09,-4.24102527792709
2018-02-10,-1.77389460141314
2018-02-11,1.47271892586037
2018-02-12,-1.67243660924314
2018-02-13,-3.51074745616669
2018-02-14,-0.680107556667184
2018-02-15,5.70072586573408
2018-02-16,3.78861077357254
2018-02-17,3.69798228344862
2018-02-18,1.84220768695393
2018-02-19,1.69325475341111
2018-02-20,3.21893597490922
2018-02-21,-0.920205715113137
2018-02-22,-3.4809242763937
2018-02-23,-4.18429540252527
2018-02-24,-3.65391023480227
2018-02-25,-3.64415788298955
2018-02-26,-8.83548331501891
2018-02-27,-12.3232558660724
2018-02-28,-11.1921063940085
2018-03-01,-2.29584734624768
2018-03-02,1.65316836947271
2018-03-03,3.65202845916275
2018-03-04,3.96916051920768
2018-03-05,4.23432225088611
2018-03-06,3.92697638215704
2018-03-07,3.34607874295668
2018-03-08,4.39574988625425
2018-03-09,7.79387010191902
2018-03-10,10.4565191736628
2018-03-11,10.1396534038737
2018-03-12,7.64561129169166
2018-03-13,5.87085362938884
2018-03-14,6.07789229072864
2018-03-15,7.27401203976055
2018-03-16,5.7145030986799
2018-03-17,2.15007330489912
2018-03-18,-0.3935780009077
2018-03-19,-1.76306889252437
2018-03-20,-0.974197941583764
2018-03-21,-0.475509650162563
2018-03-22,-0.0747686000307152
2018-03-23,3.16634377655309
2018-03-24,4.32083326180005
2018-03-25,5.87094319361019
2018-03-26,5.64142719239061
2018-03-27,6.37109107243396
2018-03-28,7.60887220025333
2018-03-29,4.91536123026833
2018-03-30,4.47121058191553
2018-03-31,3.70642026773081
2018-04-01,4.93803322107463
2018-04-02,8.17931569620344
2018-04-03,9.8556193202028
2018-04-04,9.10684213475033
2018-04-05,7.55954727591645
2018-04-06,9.64677319995564
2018-04-07,11.9995679262427
2018-04-08,11.0614544857065
2018-04-09,9.62135099382299
2018-04-10,8.41309239851882
2018-04-11,8.56036884093502
2018-04-12,8.14173851222009
2018-04-13,9.19186867429488
2018-04-14,10.1046656901878
2018-04-15,10.7346344520459
2018-04-16,10.5465851414584
2018-04-17,12.402061084217
2018-04-18,16.1553270996544
2018-04-19,16.9522004235542
2018-04-20,17.4594132940388
2018-04-21,17.8814542975784
2018-04-22,16.524060495236
2018-04-23,13.3089011796149
2018-04-24,13.3309606038727
2018-04-25,12.2078040088576
2018-04-26,10.3192287609674
2018-04-27,10.7685602217191
2018-04-28,10.0756705218083
2018-04-29,9.07334815629944
2018-04-30,6.54658442244113
2018-05-01,6.51874210749042
2018-05-02,8.21462060378695
2018-05-03,9.68255652140355
2018-05-04,11.5890058473272
2018-05-05,14.5586380878476
2018-05-06,17.2049910466518
2018-05-07,18.2916829365719
2018-05-08,16.0044795802592
2018-05-09,13.7698852622358
2018-05-10,11.961814055396
2018-05-11,12.4562522670272
2018-05-12,11.4686906479699
2018-05-13,7.36098263746917
2018-05-14,8.33822414652431
2018-05-15,11.8729861883805
2018-05-16,13.2500401335471
2018-05-17,12.6581856795889
2018-05-18,13.0846241330865
2018-05-19,13.591385282098
2018-05-20,14.6378452997909
2018-05-21,15.8105199086704
2018-05-22,15.5958524952578
2018-05-23,15.7254309270175
2018-05-24,16.840847512353
2018-05-25,17.2018956077394
2018-05-26,18.6844044452432
2018-05-27,18.9448006974665
2018-05-28,17.6258848630003
2018-05-29,17.1288918784566
2018-05-30,17.3879701482948
2018-05-31,16.8505734697067
2018-06-01,16.9386129455025
2018-06-02,17.9695869834886
2018-06-03,18.3314776086036
2018-06-04,17.802212576154
2018-06-05,16.9948156340156
2018-06-06,16.4921136458053
2018-06-07,17.2146949904147
2018-06-08,18.5935046418444
2018-06-09,19.2648589315182
2018-06-10,18.798742338976
2018-06-11,17.3056387906405
2018-06-12,16.6274589357987
2018-06-13,15.3859600273133
2018-06-14,15.766007400731
2018-06-15,16.7751699555813
2018-06-16,16.793689635016
2018-06-17,16.7276800625736
2018-06-18,17.8376874631252
2018-06-19,19.5230721995476
2018-06-20,21.5091680804057
2018-06-21,19.4508818305235
2018-06-22,16.6472961483176
2018-06-23,17.2245790610642
2018-06-24,18.0818697077832
2018-06-25,19.1097442831671
2018-06-26,20.9037844722785
2018-06-27,21.5635366728475
2018-06-28,21.5377695849351
2018-06-29,21.7533661143436
2018-06-30,23.3605805192939
2018-07-01,23.8348304087655
2018-07-02,22.2026384032517
2018-07-03,21.7684225542949
2018-07-04,21.0164434253569
2018-07-05,19.7389203959867
2018-07-06,20.5875531066552
2018-07-07,22.4346068290558
2018-07-08,23.1667874254862
2018-07-09,22.5313089950729
2018-07-10,20.883040187149
2018-07-11,19.4837847581545
2018-07-12,19.9045397477091
2018-07-13,24.3062183379821
2018-07-14,22.282444546671
2018-07-15,22.5450842224992
2018-07-16,20.5547942007951
2018-07-17,20.7127899847723
2018-07-18,20.8954410717287
2018-07-19,21.7779604934418
2018-07-20,19.9563617795811
2018-07-21,19.2600474034623
2018-07-22,20.2543498744789
2018-07-23,22.1988931209451
2018-07-24,23.053049960021
2018-07-25,23.709977335418
2018-07-26,24.5546808533312
2018-07-27,23.3885414518026
2018-07-28,20.7897596390963
2018-07-29,21.250273973352
2018-07-30,22.4999982002203
2018-07-31,22.5784981480996
2018-08-01,22.7827649866473
2018-08-02,24.1575316127113
2018-08-03,25.7144665789717
2018-08-04,25.6179201903772
2018-08-05,25.1135256129391
2018-08-06,25.3340655545339
2018-08-07,24.1135692343084
2018-08-08,21.4224206119588
2018-08-09,18.0222048769329
2018-08-10,17.792703646805
2018-08-11,19.2517574424524
2018-08-12,20.6361647310306
2018-08-13,19.5154224963186
2018-08-14,19.2330950054631
2018-08-15,19.7588223459892
2018-08-16,20.59566207542
2018-08-17,18.7150081473413
2018-08-18,18.6934183400277
2018-08-19,20.5961788275527
2018-08-20,21.6270330418598
2018-08-21,22.4078881205227
2018-08-22,22.5269458789425
2018-08-23,21.3288395971587
2018-08-24,17.9216039666553
2018-08-25,15.1950621979816
2018-08-26,15.7322485431943
2018-08-27,18.4968127938238
2018-08-28,19.6396251301247
2018-08-29,18.6056877850243
2018-08-30,16.891236669278
2018-08-31,17.155658408986
2018-09-01,17.0387524674618
2018-09-02,17.1932118558566
2018-09-03,17.744073520209
2018-09-04,18.4684108544572
2018-09-05,18.6505909329988
2018-09-06,17.7324407282786
2018-09-07,16.7145048535739
2018-09-08,16.8143306619921
2018-09-09,18.2065089052132
2018-09-10,18.7576092453631
2018-09-11,19.799842483353
2018-09-12,19.310524497157
2018-09-13,17.7492710952922
2018-09-14,16.377821627247
2018-09-15,15.8552299919911
2018-09-16,16.8737518656359
2018-09-17,18.877335371919
2018-09-18,19.6845688205913
2018-09-19,19.686272410518
2018-09-20,19.7195118665631
2018-09-21,16.7935225505283
2018-09-22,15.3813143887546
2018-09-23,17.9417293682993
2018-09-24,12.3709530941873
2018-09-25,11.8156055863345
2018-09-26,13.3559141181737
2018-09-27,15.3935197932098
2018-09-28,15.9445042159214
2018-09-29,13.6697513001671
2018-09-30,12.4452210801064
2018-10-01,10.847447126219
2018-10-02,10.6796050504731
2018-10-03,14.2881397845536
2018-10-04,14.2487220640149
2018-10-05,15.1145978734546
2018-10-06,15.0861618411556
2018-10-07,12.0498571729541
2018-10-08,11.7657914802079
2018-10-09,13.7230754402307
2018-10-10,15.4443415179573
2018-10-11,16.5227156069329
2018-10-12,17.6910134962054
2018-10-13,18.2000824655952
2018-10-14,17.1238796915618
2018-10-15,15.2175174931381
2018-10-16,14.306114248323
2018-10-17,13.5055688255591
2018-10-18,14.6211039515693
2018-10-19,13.2718640955668
2018-10-20,12.2713768654822
2018-10-21,11.4720674129109
2018-10-22,11.3052680916291
2018-10-23,9.55439958362516
2018-10-24,11.0530095867112
2018-10-25,11.3558917982596
2018-10-26,8.6633202331997
2018-10-27,4.43036394478454
2018-10-28,2.3067191921813
2018-10-29,1.36863273870351
2018-10-30,3.22637714937356
2018-10-31,6.39651379288408
2018-11-01,8.12701082894377
2018-11-02,6.109979686571
2018-11-03,4.75542728790173
2018-11-04,6.93362729793415
2018-11-05,11.395885451275
2018-11-06,10.2425550662173
2018-11-07,8.66574207656866
2018-11-08,7.41422456431218
2018-11-09,8.8562092225435
2018-11-10,10.308604103427
2018-11-11,10.9852066462155
2018-11-12,11.6924148511472
2018-11-13,10.0016970271446
2018-11-14,8.80382740174909
2018-11-15,9.3285401690788
2018-11-16,7.95339146609696
2018-11-17,4.70752224981915
2018-11-18,2.50043767491994
2018-11-19,-0.441847039826356
2018-11-20,-1.04467893100665
2018-11-21,-0.188241591658872
2018-11-22,2.5565046555698
2018-11-23,3.71988757230282
2018-11-24,4.54997674430796
2018-11-25,3.36745378382439
2018-11-26,2.84015149253139
2018-11-27,3.790952128065
2018-11-28,6.37331921740037
2018-11-29,8.00185926165545
2018-11-30,6.68260039766785
2018-12-01,6.11899249541933
2018-12-02,9.88007051582117
2018-12-03,10.8239903869012
2018-12-04,9.04452750559329
2018-12-05,7.6173417077079
2018-12-06,10.0045461803172
2018-12-07,8.0505611942028
2018-12-08,6.99128165152251
2018-12-09,8.19865114110472
2018-12-10,5.10443108361204
2018-12-11,1.21985881544047
2018-12-12,-0.468343771823024
2018-12-13,-1.69045121824337
2018-12-14,-3.21209701727963
2018-12-15,-1.69519128001888
2018-12-16,3.01693708370081
2018-12-17,4.0489474494122
2018-12-18,3.12925190241966
2018-12-19,5.41818344843252
2018-12-20,4.66396148287224
2018-12-21,8.06878194873177
2018-12-22,9.31603010087534
2018-12-23,9.20556963424054
2018-12-24,7.79071074931865
2018-12-25,1.91585087562936
2018-12-26,-1.83278310891762
2018-12-27,-1.83244588042375
2018-12-28,-0.0793319173211045
2018-12-29,0.414999808496303
2018-12-30,2.38055719176868
2018-12-31,3.7211448331702
2019-01-01,3.4880811827399
2019-01-02,1.9759516419902
2019-01-03,-1.67841273175513
2019-01-04,-2.68706822559871
2019-01-05,-1.51759570358589
2019-01-06,-0.230797573188347
2019-01-07,1.25628206568926
2019-01-08,2.99068047154881
2019-01-09,0.455861824314014
2019-01-10,-2.54987146744325
2019-01-11,-1.32088735811046
2019-01-12,1.95047817848159
2019-01-13,5.99622901038589
2019-01-14,5.44730359263155
2019-01-15,2.64155378064762
2019-01-16,0.806493518306332
2019-01-17,2.28834623358366
2019-01-18,-2.17408396178378
2019-01-19,-1.943028410785
2019-01-20,-0.381326613037851
2019-01-21,-3.22760728382529
2019-01-22,-3.47835324354936
2019-01-23,-2.22117660906228
2019-01-24,-3.21253408677888
2019-01-25,-0.365567638582437
2019-01-26,3.66903352633704
2019-01-27,2.64115708507399
2019-01-28,0.296950325671053
2019-01-29,-1.40241772866216
2019-01-30,-1.55603023063331
2019-01-31,-1.15068230811928
2019-02-01,2.55203709316183
2019-02-02,0.0997585509979586
2019-02-03,-1.6012877680043
2019-02-04,-1.82633165930721
2019-02-05,1.40307445726507
2019-02-06,4.31196829733292
2019-02-07,4.43979236743095
2019-02-08,4.68180884094135
2019-02-09,5.99076910115602
2019-02-10,5.36972205346467
2019-02-11,2.75314659498912
2019-02-12,1.08418917569858
2019-02-13,0.487740973074103
2019-02-14,2.73896652461999
2019-02-15,4.32835018960401
2019-02-16,4.40619909608442
2019-02-17,5.72635983021861
2019-02-18,5.02018573168708
2019-02-19,4.32093381356208
2019-02-20,3.88684883231343
2019-02-21,4.92014261161198
2019-02-22,6.76185494801087
2019-02-23,7.49625944177385
2019-02-24,5.37206513883195
2019-02-25,6.38230145754231
2019-02-26,7.63721060672318
2019-02-27,8.25473731922453
2019-02-28,7.91587013047175
2019-03-01,7.77391306630943
2019-03-02,7.55998928850893
2019-03-03,8.89900097766207
2019-03-04,6.9213172418115
2019-03-05,6.64656148551889
2019-03-06,8.27959754232012
2019-03-07,7.03112072523053
2019-03-08,5.75933239267813
2019-03-09,8.56314975703329
2019-03-10,9.23720663726397
2019-03-11,4.80017003312671
2019-03-12,3.93520240095771
2019-03-13,4.58528386762354
2019-03-14,6.34354818862953
2019-03-15,9.27429937931556
2019-03-16,8.89966667411587
2019-03-17,5.73445545025473
2019-03-18,3.79873198108552
2019-03-19,4.15570678126165
2019-03-20,5.00563738124389
2019-03-21,6.28071918161896
2019-03-22,7.6011898422253
2019-03-23,8.39344278200737
2019-03-24,7.81349381984571
2019-03-25,5.96904004575639
2019-03-26,5.09195868778895
2019-03-27,5.72015736600951
2019-03-28,6.44029053500911
2019-03-29,7.86842836500859
2019-03-30,9.03094719061152
2019-03-31,9.43937458504083
2019-04-01,10.1090060478075
2019-04-02,8.01834504925594
2019-04-03,2.94477604553943
2019-04-04,2.43820739195047
2019-04-05,5.24359083042664
2019-04-06,6.02346537636934
2019-04-07,6.5868217588741
2019-04-08,7.44028620609634
2019-04-09,7.86753971605711
2019-04-10,7.38602149530406
2019-04-11,6.83617484557956
2019-04-12,5.60700061641384
2019-04-13,4.80515418390315
2019-04-14,3.55030871255889
2019-04-15,6.84788634577545
2019-04-16,9.33805877106433
2019-04-17,10.7636235680141
2019-04-18,13.7368209748568
2019-04-19,15.3428177417332
2019-04-20,14.7572615320626
2019-04-21,13.9748198961609
2019-04-22,14.7397027651946
2019-04-23,13.2300728191362
2019-04-24,11.1155902830582
2019-04-25,9.52345608935132
2019-04-26,8.96120676013725
2019-04-27,8.75386642641143
2019-04-28,7.58344052369435
2019-04-29,8.86538201683151
2019-04-30,10.0035117493761
2019-05-01,10.9166328255733
2019-05-02,9.93974017311145
2019-05-03,9.210819917501
2019-05-04,6.4775468355785
2019-05-05,4.18749779470548
2019-05-06,6.09958101452408
2019-05-07,8.85523996325338
2019-05-08,10.2910616748981
2019-05-09,10.629879635415
2019-05-10,11.529535857926
2019-05-11,11.3839114196116
2019-05-12,10.1089558946983
2019-05-13,11.2175456138253
2019-05-14,12.2947761569949
2019-05-15,11.2721703925445
2019-05-16,11.1053566837455
2019-05-17,10.9118846517913
2019-05-18,11.1352420823401
2019-05-19,10.8780942853158
2019-05-20,11.9342118516532
2019-05-21,13.2255093273014
2019-05-22,14.4589591927119
2019-05-23,15.0600253206804
2019-05-24,14.6695307250055
2019-05-25,14.4811449121155
2019-05-26,14.2834613091102
2019-05-27,14.4644154550973
2019-05-28,12.257728119179
2019-05-29,12.4866169578382
2019-05-30,15.1678818667115
2019-05-31,17.0915699099709
2019-06-01,19.203260705004
2019-06-02,20.0683248954834
2019-06-03,17.4682641241538
2019-06-04,17.7777560855464
2019-06-05,13.4525596684853
2019-06-06,13.2446104225528
2019-06-07,13.6128385032488
2019-06-08,14.1960480626384
2019-06-09,14.7915371203332
2019-06-10,13.5967681971823
2019-06-11,11.0043619521485
2019-06-12,11.9408223799764
2019-06-13,14.2010993635509
2019-06-14,15.9267127316673
2019-06-15,15.2155172042829
2019-06-16,16.4942285800933
2019-06-17,18.7394626398106
2019-06-18,20.7498757712777
2019-06-19,18.9988544355846
2019-06-20,16.8875864574133
2019-06-21,16.2482727064722
2019-06-22,17.9699509762324
2019-06-23,20.8395878147733
2019-06-24,21.8971072197372
2019-06-25,22.9576242738538
2019-06-26,25.2002673567843
2019-06-27,26.2686455949893
2019-06-28,24.9680610233334
2019-06-29,24.8894698678301
2019-06-30,22.6684570145081
2019-07-01,20.5722231207162
2019-07-02,21.827505996409
2019-07-03,21.3227390692169
2019-07-04,22.2352078461881
2019-07-05,23.5887860420928
2019-07-06,23.114372307205
2019-07-07,21.7132258062735
2019-07-08,20.8860325552187
2019-07-09,19.6471782224625
2019-07-10,20.8609582129831
2019-07-11,21.411703502994
2019-07-12,21.30175621924
2019-07-13,21.0915647538923
2019-07-14,20.2059925207383
2019-07-15,19.1193036947333
2019-07-16,20.1520852583066
2019-07-17,20.7947262249795
2019-07-18,19.9583839469673
2019-07-19,20.9546637482865
2019-07-20,21.3831257238987
2019-07-21,21.6072645946968
2019-07-22,23.804618592607
2019-07-23,26.3623541320713
2019-07-24,26.6676172746375
2019-07-25,27.1851657325467
2019-07-26,22.7477647564474
2019-07-27,18.3340357783046
2019-07-28,17.8748781874893
2019-07-29,19.4896814479297
2019-07-30,18.9786287468694
2019-07-31,18.5045139216854
2019-08-01,19.2118641893795
2019-08-02,20.7094905454766
2019-08-03,21.484417654415
2019-08-04,21.8358538590116
2019-08-05,21.4484183215233
2019-08-06,20.9406615936866
2019-08-07,20.5938033945431
2019-08-08,22.3061742895427
2019-08-09,22.6736727763115
2019-08-10,20.9857987650718
2019-08-11,17.8826871768758
2019-08-12,17.002122374794
2019-08-13,16.2650570712282
2019-08-14,17.8277663883798
2019-08-15,18.90107307914
2019-08-16,18.5512917538057
2019-08-17,19.0769142602068
2019-08-18,19.5235107908764
2019-08-19,17.4183682725796
2019-08-20,16.9289071779379
2019-08-21,17.8196958006237
2019-08-22,19.2160919438524
2019-08-23,20.8525017458157
2019-08-24,22.3170447545226
2019-08-25,22.1735886105498
2019-08-26,22.8065947092938
2019-08-27,22.3837139639824
2019-08-28,21.253505356998
2019-08-29,20.554005887857
2019-08-30,21.0659405601798
2019-08-31,21.1462707512123
2019-09-01,18.068892144062
2019-09-02,16.7639367897646
2019-09-03,17.5255792341716
2019-09-04,17.4490477970841
2019-09-05,14.9844951421538
2019-09-06,14.088732865795
2019-09-07,15.0592525637007
2019-09-08,13.4982114467462
2019-09-09,12.2079444109495
2019-09-10,13.7085708339048
2019-09-11,15.618237188385
2019-09-12,18.101499230671
2019-09-13,18.945612810504
2019-09-14,19.7267648522673
2019-09-15,19.9217713467935
2019-09-16,19.4257424554348
2019-09-17,18.9564582807749
2019-09-18,16.7363157880428
2019-09-19,15.9520547648012
2019-09-20,16.8415361452384
2019-09-21,18.6156319127862
2019-09-22,16.9286182314856
2019-09-23,15.3087725070758
2019-09-24,15.9084988787888
2019-09-25,15.5949206960519
2019-09-26,16.975405637289
2019-09-27,15.8693689623079
2019-09-28,15.3971299372896
2019-09-29,15.8211582116556
2019-09-30,15.9273167531892
2019-10-01,16.0982799656107
2019-10-02,13.405860358952
2019-10-03,10.3759774137579
2019-10-04,12.8879575877409
2019-10-05,14.0393032238603
2019-10-06,13.7211241000924
2019-10-07,12.1276457709612
2019-10-08,13.7764300444521
2019-10-09,12.3352063648609
2019-10-10,12.8767261938009
2019-10-11,13.9145566204
2019-10-12,15.614666357105
2019-10-13,17.2134529891577
2019-10-14,16.2713406948865
2019-10-15,12.4121774074235
2019-10-16,12.2120857143696
2019-10-17,12.8954610261434
2019-10-18,12.8325252389495
2019-10-19,12.7698981828752
2019-10-20,12.0756349855243
2019-10-21,10.3406086653382
2019-10-22,9.68883783096001
2019-10-23,12.5696078465131
2019-10-24,12.0852109500938
2019-10-25,12.5305348379779
2019-10-26,13.1852309079055
2019-10-27,11.3521869381546
2019-10-28,10.187706464759
2019-10-29,10.2718212591018
2019-10-30,10.5047119456194
2019-10-31,11.0660088670613
2019-11-01,12.2786123355444
2019-11-02,12.1545376892497
2019-11-03,10.3286917000899
2019-11-04,9.85611325120355
2019-11-05,7.64926179570314
2019-11-06,7.60458869851305
2019-11-07,5.41842064354617
2019-11-08,3.55257106557184
2019-11-09,3.36219958117026
2019-11-10,3.60099583534003
2019-11-11,3.66690047074652
2019-11-12,3.65487953124899
2019-11-13,2.78536390172816
2019-11-14,1.63673337359158
2019-11-15,0.326804205447106
2019-11-16,1.40537193035983
2019-11-17,1.19142933090977
2019-11-18,1.60123796686906
2019-11-19,1.15921816173578
2019-11-20,0.200961694996157
2019-11-21,2.33633257318097
2019-11-22,5.77072450596903
2019-11-23,7.53168158741078
2019-11-24,5.62902287566121
2019-11-25,6.84954555983809
2019-11-26,8.74159231029355
2019-11-27,9.24573952578227
2019-11-28,8.49465710889347
2019-11-29,7.00020789173507
2019-11-30,3.71010560227991
2019-12-01,3.40790382431786
2019-12-02,1.23956945707494
2019-12-03,-1.14094770754161
2019-12-04,-1.22925190390284
2019-12-05,-0.727131966044709
2019-12-06,2.56287053049416
2019-12-07,6.34308762081432
2019-12-08,7.25556193747702
2019-12-09,5.71287560354027
2019-12-10,2.10655552453359
2019-12-11,2.42303000233023
2019-12-12,2.64512963240667
2019-12-13,6.09224422163141
2019-12-14,8.17545326045516
2019-12-15,7.4914193891467
2019-12-16,8.11724905418011
2019-12-17,9.5984361570966
2019-12-18,7.81497618922439
2019-12-19,10.3734731094592
2019-12-20,8.68832629563837
2019-12-21,6.62383319194461
2019-12-22,6.91258784352452
2019-12-23,6.38758833070128
2019-12-24,8.54147449334594
2019-12-25,6.08238298478191
2019-12-26,4.61708263597468
2019-12-27,6.9624913277666
2019-12-28,4.28310307613108
2019-12-29,-0.784486744517868
2019-12-30,-1.11847044582713
2019-12-31,-0.83684444210181
2020-01-01,0.915233922271997
2020-01-02,3.00592065574693
2020-01-03,5.1743488228084
2020-01-04,3.31209636292919
2020-01-05,1.81885144381623
2020-01-06,0.380065655235247
2020-01-07,4.65691903911477
2020-01-08,7.29726606829725
2020-01-09,7.67586240412979
2020-01-10,4.86825850045761
2020-01-11,2.15577471149458
2020-01-12,2.19040168725789
2020-01-13,3.31907535151243
2020-01-14,6.66433943827289
2020-01-15,6.8174595273464
2020-01-16,5.89093475441759
2020-01-17,5.30452720093312
2020-01-18,1.09388126711114
2020-01-19,-0.327467294721053
2020-01-20,-0.643265290249065
2020-01-21,-0.69225392856813
2020-01-22,0.106031697931957
2020-01-23,1.27787366082335
2020-01-24,0.465798121180766
2020-01-25,1.95362474345628
2020-01-26,3.77802553252373
2020-01-27,4.65402642922236
2020-01-28,4.4482371796425
2020-01-29,4.66060823111232
2020-01-30,6.35100346232013
2020-01-31,9.34679174032028
2020-02-01,9.2796681290923
2020-02-02,10.6446241745872
2020-02-03,10.8454617287847
2020-02-04,5.35383609079018
2020-02-05,3.23902558482061
2020-02-06,0.952946259545448
2020-02-07,2.3914925996832
2020-02-08,5.27529853247503
2020-02-09,7.30624492959675
2020-02-10,9.22854926131821
2020-02-11,5.90943305884925
2020-02-12,3.29921442377424
2020-02-13,5.11319335915585
2020-02-14,6.48825932663871
2020-02-15,6.55570661027884
2020-02-16,10.1498664140631
2020-02-17,6.48688721752457
2020-02-18,4.08119822728557
2020-02-19,5.13077813480349
2020-02-20,5.38280895266128
2020-02-21,3.3343068080709
2020-02-22,4.88477120451113
2020-02-23,7.63421621623731
2020-02-24,7.87582324764606
2020-02-25,5.92302156509064
2020-02-26,2.34315141051503
2020-02-27,3.31970719139672
2020-02-28,3.95174852962226
2020-02-29,6.87546679575976
2020-03-01,4.98557678344937
2020-03-02,3.87698079113358
2020-03-03,1.42181062905766
2020-03-04,3.32538517764687
2020-03-05,6.51817978778436
2020-03-06,3.01307634470729
2020-03-07,3.99009956235266
2020-03-08,5.9554949022335
2020-03-09,5.15676811537084
2020-03-10,8.13283820648729
2020-03-11,10.6404468488264
2020-03-12,8.14413232490945
2020-03-13,5.22899657738004
2020-03-14,5.7418808836494
2020-03-15,7.26443944749986
2020-03-16,6.98770604724112
2020-03-17,8.1008895875703
2020-03-18,9.19991315706224
2020-03-19,10.1576299837222
2020-03-20,9.6877098621844
2020-03-21,6.86634870128134
2020-03-22,6.0545526746519
2020-03-23,5.61322667319733
2020-03-24,4.51315748864873
2020-03-25,2.98730326702009
2020-03-26,1.9522403693772
2020-03-27,3.85438956579648
2020-03-28,6.62331181300582
2020-03-29,3.67658927775928
2020-03-30,0.639743551158592
2020-03-31,3.2456522024595
2020-04-01,4.28298702019996
2020-04-02,3.97131826031402
2020-04-03,5.83319160950032
2020-04-04,7.76049182816316
2020-04-05,10.9985203213262
2020-04-06,10.6997057607779
2020-04-07,12.1265938361027
2020-04-08,13.2133672757037
2020-04-09,13.9126257131965
2020-04-10,14.3386170824871
2020-04-11,14.022786809772
2020-04-12,13.1977507254955
2020-04-13,11.4917767788815
2020-04-14,8.38994108453581
2020-04-15,10.5622625972737
2020-04-16,13.7041776016596
2020-04-17,13.9432032181547
2020-04-18,13.6407240229196
2020-04-19,12.2131327813759
2020-04-20,12.6038414264571
2020-04-21,12.4496729245942
2020-04-22,13.218336144637
2020-04-23,13.9267541443002
2020-04-24,13.7477526777124
2020-04-25,13.16202532496
2020-04-26,12.9209406400969
2020-04-27,11.9094726811166
2020-04-28,11.6810698124666
2020-04-29,10.8814831990427
2020-04-30,10.0920402178055
2020-05-01,10.932561605735
2020-05-02,12.296025223587
2020-05-03,13.7769316915462
2020-05-04,15.5349846143564
2020-05-05,14.2416790553719
2020-05-06,14.9053691645257
2020-05-07,15.2341266198041
2020-05-08,16.3211983350701
2020-05-09,16.6067803765231
2020-05-10,15.0905901011657
2020-05-11,8.71402587331315
2020-05-12,7.59702384104109
2020-05-13,9.45525285274966
2020-05-14,9.61794295371867
2020-05-15,10.7416319645613
2020-05-16,11.9536591500759
2020-05-17,12.9834519279958
2020-05-18,15.191233704757
2020-05-19,16.1674185966366
2020-05-20,18.6121755170564
2020-05-21,20.0591427625677
2020-05-22,18.5098942820603
2020-05-23,14.1614094559183
2020-05-24,13.7220429239866
2020-05-25,16.3197996988885
2020-05-26,18.0193116436323
2020-05-27,18.3698172373113
2020-05-28,18.2649750598743
2020-05-29,18.0294919029507
2020-05-30,17.8204097034705
2020-05-31,18.0597777982037
2020-06-01,18.1790243816182
2020-06-02,19.3895428738689
2020-06-03,17.3475968238271
2020-06-04,13.5885930942972
2020-06-05,13.0768681029538
2020-06-06,13.422364533955
2020-06-07,12.5716830380013
2020-06-08,13.0125955131255
2020-06-09,12.7472925365788
2020-06-10,13.1759512966785
2020-06-11,13.5910246110793
2020-06-12,14.3736505921973
2020-06-13,14.9162722022319
2020-06-14,15.7588675388837
2020-06-15,15.8771708661092
2020-06-16,15.5339468818651
2020-06-17,14.8798680736654
2020-06-18,14.5586424339024
2020-06-19,15.4074839891224
2020-06-20,17.1353499905888
2020-06-21,17.4696914708097
2020-06-22,18.3643506365605
2020-06-23,20.7712956854629
2020-06-24,23.0045474918429
2020-06-25,23.1107034362526
2020-06-26,20.9682567095525
2020-06-27,19.3433717037538
2020-06-28,18.1447512998767
2020-06-29,17.4959337302254
2020-06-30,18.1468115278322
2020-07-01,19.2873988047936
2020-07-02,17.6797401587652
2020-07-03,16.6426048427233
2020-07-04,17.9551870907007
2020-07-05,19.9690828639704
2020-07-06,17.4329167651235
2020-07-07,17.3227889360704
2020-07-08,19.4186695955272
2020-07-09,21.4332719530548
2020-07-10,19.096386932187
2020-07-11,17.9385432323935
2020-07-12,18.9090765255708
2020-07-13,20.059568916948
2020-07-14,18.8408516032212
2020-07-15,17.1179789801124
2020-07-16,17.2816057685946
2020-07-17,19.0448965306648
2020-07-18,20.3167468372892
2020-07-19,20.7551799023395
2020-07-20,20.9302272876813
2020-07-21,20.6201940054328
2020-07-22,20.3958368342771
2020-07-23,21.0615051671351
2020-07-24,20.658224794106
2020-07-25,20.0532340306401
2020-07-26,20.1164788913532
2020-07-27,21.6564732465292
2020-07-28,20.2327098792092
2020-07-29,20.1856568611552
2020-07-30,23.7162391816474
2020-07-31,25.358019801795
2020-08-01,22.2791337595728
2020-08-02,19.7535663714644
2020-08-03,18.0009442603515
2020-08-04,17.7899917369863
2020-08-05,20.1040496857467
2020-08-06,22.9848287425913
2020-08-07,24.8760661508152
2020-08-08,24.9535613238932
2020-08-09,25.4174678973882
2020-08-10,24.6570341103876
2020-08-11,24.778964995692
2020-08-12,23.7004436273072
2020-08-13,21.2911233468654
2020-08-14,20.5403054128349
2020-08-15,21.0796860472151
2020-08-16,19.8500561858182
2020-08-17,19.2528014490374
2020-08-18,20.2473289426422
2020-08-19,21.0737080856462
2020-08-20,23.6827505626278
2020-08-21,22.6500943005904
2020-08-22,19.8379265162733
2020-08-23,18.5258850288474
2020-08-24,17.9567239645503
2020-08-25,19.7196915646078
2020-08-26,19.5117153965898
2020-08-27,18.9092676153431
2020-08-28,17.2972993490342
2020-08-29,14.2727492580309
2020-08-30,14.3076909190868
2020-08-31,14.9709200139774
2020-09-01,15.2187972726765
2020-09-02,15.779679746728
2020-09-03,17.8840284774875
2020-09-04,19.3223601016246
2020-09-05,17.2898290965571
2020-09-06,14.976091412086
2020-09-07,15.38739485846
2020-09-08,17.5601937794206
2020-09-09,18.9934283422752
2020-09-10,19.2905426644885
2020-09-11,18.6267363818212
2020-09-12,17.9488460753423
2020-09-13,19.4308511971788
2020-09-14,21.8411329740712
2020-09-15,21.7896993491265
2020-09-16,21.3473619960378
2020-09-17,21.168079227344
2020-09-18,20.4660870905036
2020-09-19,20.2974810352026
2020-09-20,18.8377414281423
2020-09-21,17.6361391757358
2020-09-22,16.6713753616287
2020-09-23,16.7410222881221
2020-09-24,13.6404036393434
2020-09-25,9.70741185630562
2020-09-26,8.6940906165184
2020-09-27,8.80359488100534
2020-09-28,11.223350285251
2020-09-29,12.8184208414832
2020-09-30,13.6131462958482
2020-10-01,12.2316485158003
2020-10-02,10.550786330746
2020-10-03,9.18204374283073
2020-10-04,9.49077338395636
2020-10-05,10.5648691881604
2020-10-06,12.13277767939
2020-10-07,12.6493976688271
2020-10-08,13.8517520443774
2020-10-09,12.5978061529899
2020-10-10,10.0858955512367
2020-10-11,8.05972707626135
2020-10-12,7.42789074358996
2020-10-13,7.75469488196498
2020-10-14,6.7867289028092
2020-10-15,6.37484663100969
2020-10-16,6.86545559642802
2020-10-17,6.96124991755464
2020-10-18,6.84994402055881
2020-10-19,8.44491540608232
2020-10-20,12.7272502936409
2020-10-21,15.5350243303343
2020-10-22,14.3477095241506
2020-10-23,12.6783623288846
2020-10-24,11.9333168745252
2020-10-25,10.0235008003839
2020-10-26,7.7548557997089
2020-10-27,8.55598792764544
2020-10-28,10.4817903056806
2020-10-29,11.3687367674682
2020-10-30,11.4552806348914
2020-10-31,10.6489012940598
2020-11-01,13.2645678192835
2020-11-02,13.6848035707405
2020-11-03,7.6276765816706
2020-11-04,4.30855676718184
2020-11-05,5.005969087411
2020-11-06,7.79325623778164
2020-11-07,11.1702952770059
2020-11-08,12.1752072900673
2020-11-09,11.308947566729
2020-11-10,9.9248970622946
2020-11-11,8.91279955665975
2020-11-12,9.51644083073028
2020-11-13,10.3964044830554
2020-11-14,11.2332728555561
2020-11-15,11.4221624197611
2020-11-16,8.90467502985009
2020-11-17,8.00794630500351
2020-11-18,8.37276802403601
2020-11-19,7.13218984184619
2020-11-20,3.3684784797125
2020-11-21,1.7886147324147
2020-11-22,2.03692349796958
2020-11-23,2.95984809204615
2020-11-24,2.49390003667077
2020-11-25,5.2641232212378
2020-11-26,5.79409629532473
2020-11-27,6.79142521736872
2020-11-28,6.26057005104253
2020-11-29,2.36697907719238
2020-11-30,-1.0930125596733
2020-12-01,2.75319603603394
2020-12-02,1.59476008710093
2020-12-03,2.68623513963915
2020-12-04,1.14509492575786
2020-12-05,-0.40908837801215
2020-12-06,-0.109135437521306
2020-12-07,-1.08945860910452
2020-12-08,-0.342369208743939
2020-12-09,-0.640455927583701
2020-12-10,1.47405067916601
2020-12-11,4.89127354428136
2020-12-12,4.91493847104579
2020-12-13,3.86053051218241
2020-12-14,6.63640782034913
2020-12-15,7.0352777732555
2020-12-16,5.49199375893797
2020-12-17,6.30292722641722
2020-12-18,5.70856504030667
2020-12-19,7.19320490675152
2020-12-20,6.26356545666589
2020-12-21,6.99392998552205
2020-12-22,10.2679291261153
2020-12-23,9.28516499795327
2020-12-24,4.53273239047012
2020-12-25,-0.956689479131961
2020-12-26,-1.84163167873038
2020-12-27,-0.0342601605912731
2020-12-28,0.874384879777266
2020-12-29,0.638791503843898
2020-12-30,-0.361781276840193
2020-12-31,-0.319809884921283
2021-01-01,-3.61686604775631
2021-01-02,-4.34209904211777
2021-01-03,-3.2159861904638
2021-01-04,-3.93175794791041
2021-01-05,-3.5646473804341
2021-01-06,-3.72475213094114
2021-01-07,-4.8686688040655
2021-01-08,-5.54389045507755
2021-01-09,-5.54474627948808
2021-01-10,-5.22428052464431
2021-01-11,-4.80054655578228
2021-01-12,0.999040321864826
2021-01-13,4.377563466441
2021-01-14,4.80755170413659
2021-01-15,-0.0914616196407757
2021-01-16,-3.17252464680382
2021-01-17,1.38128135574671
2021-01-18,-0.545649655324072
2021-01-19,0.967897221787276
2021-01-20,5.59592750054779
2021-01-21,5.99870825955119
2021-01-22,2.93158245022089
2021-01-23,0.854819525486951
2021-01-24,-1.02589681446585
2021-01-25,-0.912164602102016
2021-01-26,-2.89775108371201
2021-01-27,3.1833423226265
2021-01-28,9.0047897386225
2021-01-29,8.68074648485067
2021-01-30,6.42273505857601
2021-01-31,5.9828618231741
2021-02-01,7.15552349083639
2021-02-02,9.31040594289566
2021-02-03,8.16075573975432
2021-02-04,5.99789512823538
2021-02-05,6.56353081381003
2021-02-06,5.73323160734125
2021-02-07,1.08608394200092
2021-02-08,-2.3129667386919
2021-02-09,-2.71028796977464
2021-02-10,-3.53802245436208
2021-02-11,-5.06340500882859
2021-02-12,-4.74879226041459
2021-02-13,-6.43432854357007
2021-02-14,-3.81762636717462
2021-02-15,3.18969184034286
2021-02-16,5.76680347527198
2021-02-17,6.48200632143075
2021-02-18,6.20153875698448
2021-02-19,7.3595043633871
2021-02-20,9.83832676240986
2021-02-21,9.37498403460554
2021-02-22,9.25062848205179
2021-02-23,10.0779075387739
2021-02-24,10.3670120392226
2021-02-25,8.12713204809887
2021-02-26,5.48375513480323
2021-02-27,3.96849540979705
2021-02-28,3.65528836526724
2021-03-01,5.05890646937407
2021-03-02,6.66056106183607
2021-03-03,7.19297812640087
2021-03-04,5.78137251358245
2021-03-05,3.29347726020675
2021-03-06,1.42878634472407
2021-03-07,1.34979986256341
2021-03-08,1.7613994642262
2021-03-09,1.52025941175711
2021-03-10,2.75767140645843
2021-03-11,8.12233650292733
2021-03-12,5.92364608574138
2021-03-13,5.44549268626516
2021-03-14,4.34614922314625
2021-03-15,5.83895458667942
2021-03-16,5.60274260114845
2021-03-17,4.91668775090767
2021-03-18,2.23311522357206
2021-03-19,1.769680331962
2021-03-20,0.740607044091641
2021-03-21,2.06187267448677
2021-03-22,2.80052012741822
2021-03-23,3.99068314851971
2021-03-24,5.84431651165966
2021-03-25,6.65974701398821
2021-03-26,6.82281944500117
2021-03-27,5.72533971633008
2021-03-28,6.82185419704919
2021-03-29,10.29338539701
2021-03-30,12.6966588566829
2021-03-31,13.3108192459386
2021-04-01,13.8522903603259
2021-04-02,10.1909804163037
2021-04-03,6.35590415694932
2021-04-04,5.81507633706338
2021-04-05,4.72977552674617
2021-04-06,0.665960889579206
2021-04-07,0.127693281373571
2021-04-08,3.53559474643763
2021-04-09,6.92708382025196
2021-04-10,7.79757053771092
2021-04-11,4.66822980212706
2021-04-12,2.48356648015603
2021-04-13,3.45486115047324
2021-04-14,3.5215411249021
2021-04-15,2.87764919579533
